# Blender 5.1.0
# www.blender.org
mtllib car.mtl
o Cube.018
v -0.341332 0.237967 0.890512
v -0.358597 0.155796 0.688702
v -0.341332 0.177092 0.715947
v -0.358597 0.239184 0.903882
v -0.358597 0.169614 0.699764
v -0.358597 0.146736 0.743510
v -0.341332 0.188234 0.797961
v -0.358597 0.209190 0.869240
v -0.358597 0.158628 0.801848
v -0.046526 0.155796 0.688702
v -0.168368 0.153915 0.708261
v -0.236756 0.153915 0.708261
v -0.254574 0.169614 0.699764
v -0.150550 0.169614 0.699764
v -0.046526 0.169614 0.699764
v -0.046526 0.239184 0.903882
v -0.150550 0.239184 0.903882
v -0.254574 0.239184 0.903882
v -0.242241 0.178503 0.716580
v -0.143151 0.179465 0.717013
v -0.044060 0.179953 0.717231
v -0.044060 0.239769 0.891322
v -0.143151 0.239462 0.891184
v -0.242241 0.238857 0.890912
v -0.046526 0.146736 0.743510
v -0.168368 0.146716 0.743743
v -0.236756 0.146716 0.743743
v -0.046526 0.158628 0.801848
v -0.168368 0.159803 0.782473
v -0.236756 0.159803 0.782473
v -0.046526 0.209190 0.869240
v -0.150550 0.209190 0.869240
v -0.254574 0.209190 0.869240
v -0.150550 0.155796 0.688702
v -0.254574 0.155796 0.688702
v -0.150550 0.158628 0.801848
v -0.254574 0.158628 0.801848
v -0.254574 0.146736 0.743510
v -0.150550 0.146736 0.743510
v -0.156702 0.124940 0.732170
v -0.189446 0.124940 0.732170
v -0.156702 0.129544 0.701944
v -0.189446 0.129544 0.701944
v -0.156702 0.130001 0.764491
v -0.189446 0.130001 0.764491
v -0.169901 0.076421 0.709188
v -0.202645 0.076421 0.709188
v -0.169901 0.081025 0.678962
v -0.202645 0.081025 0.678962
v -0.169901 0.081483 0.741509
v -0.202645 0.081483 0.741509
v -0.194132 0.018641 0.680215
v -0.226875 0.018641 0.680215
v -0.194132 0.023245 0.649989
v -0.226875 0.023245 0.649989
v -0.194132 0.023703 0.712536
v -0.226875 0.023703 0.712536
v 0.005485 0.155796 0.688702
v 0.005485 0.169614 0.699764
v 0.005485 0.239184 0.903882
v 0.005485 0.179953 0.717231
v 0.005485 0.239769 0.891322
v 0.005485 0.146736 0.743510
v 0.005485 0.158628 0.801848
v 0.005485 0.209190 0.869240
v 0.352303 0.237967 0.890512
v 0.369568 0.155796 0.688702
v 0.352303 0.177092 0.715947
v 0.369568 0.239184 0.903882
v 0.369568 0.169614 0.699764
v 0.369568 0.146736 0.743510
v 0.352303 0.188234 0.797961
v 0.369568 0.209190 0.869240
v 0.369568 0.158628 0.801848
v 0.057497 0.155796 0.688702
v 0.179339 0.153915 0.708261
v 0.247727 0.153915 0.708261
v 0.265544 0.169614 0.699764
v 0.161521 0.169614 0.699764
v 0.057497 0.169614 0.699764
v 0.057497 0.239184 0.903882
v 0.161521 0.239184 0.903882
v 0.265544 0.239184 0.903882
v 0.253212 0.178503 0.716580
v 0.154121 0.179465 0.717013
v 0.055031 0.179953 0.717231
v 0.055031 0.239769 0.891322
v 0.154121 0.239462 0.891184
v 0.253212 0.238857 0.890912
v 0.057497 0.146736 0.743510
v 0.179339 0.146716 0.743743
v 0.247727 0.146716 0.743743
v 0.057497 0.158628 0.801848
v 0.179339 0.159803 0.782473
v 0.247727 0.159803 0.782473
v 0.057497 0.209190 0.869240
v 0.161521 0.209190 0.869240
v 0.265544 0.209190 0.869240
v 0.161521 0.155796 0.688702
v 0.265544 0.155796 0.688702
v 0.161521 0.158628 0.801848
v 0.265544 0.158628 0.801848
v 0.265544 0.146736 0.743510
v 0.161521 0.146736 0.743510
v 0.167673 0.124940 0.732170
v 0.200416 0.124940 0.732170
v 0.167673 0.129544 0.701944
v 0.200416 0.129544 0.701944
v 0.167673 0.130001 0.764491
v 0.200416 0.130001 0.764491
v 0.180872 0.076421 0.709188
v 0.213616 0.076421 0.709188
v 0.180872 0.081025 0.678962
v 0.213616 0.081025 0.678962
v 0.180872 0.081483 0.741509
v 0.213616 0.081483 0.741509
v 0.205102 0.018641 0.680215
v 0.237846 0.018641 0.680215
v 0.205102 0.023245 0.649989
v 0.237846 0.023245 0.649989
v 0.205102 0.023703 0.712536
v 0.237846 0.023703 0.712536
v -0.000441 -0.249643 -0.886020
v -0.000441 -0.075039 -0.852653
v -0.000441 -0.155792 -0.839525
v -0.000441 -0.212199 -0.875122
v -0.316067 -0.217898 -0.802108
v -0.169556 -0.026832 -0.849825
v -0.243378 -0.064797 -0.828733
v -0.290234 -0.064456 -0.810482
v -0.294816 -0.047311 -0.807887
v -0.327137 -0.129473 -0.762969
v -0.293198 -0.139205 -0.804456
v -0.239715 -0.130567 -0.828197
v -0.080861 -0.075172 -0.852653
v -0.270040 -0.209332 -0.828647
v -0.172284 -0.182902 -0.854562
v -0.155278 -0.165470 -0.850584
v -0.043539 -0.154732 -0.839778
v -0.171767 -0.201756 -0.860420
v -0.159023 -0.211746 -0.867500
v -0.049256 -0.212111 -0.873889
v -0.168975 -0.076086 -0.852654
v -0.212723 -0.249207 -0.889204
v -0.091004 -0.250396 -0.883524
v -0.030144 -0.249863 -0.885977
v -0.321268 -0.187618 -0.353842
v -0.327608 -0.156633 -0.361862
v -0.327608 -0.034274 -0.349647
v -0.293007 0.011096 -0.466297
v -0.285803 0.000332 -0.626500
v -0.283485 -0.250758 -0.407772
v -0.328534 -0.171221 -0.404203
v -0.333647 -0.095087 -0.429725
v -0.330467 -0.051050 -0.502748
v -0.333244 -0.050719 -0.596305
v -0.337488 -0.090319 -0.666665
v -0.346096 -0.197190 -0.699280
v -0.312398 -0.259808 -0.679637
v -0.316427 -0.251009 -0.826522
v -0.294239 -0.031931 -0.809004
v -0.247451 -0.026538 -0.827603
v -0.254221 -0.001760 -0.751161
v -0.284789 0.004524 -0.555569
v -0.309859 -0.205293 -0.315033
v -0.283485 -0.243707 -0.332477
v -0.303070 -0.228406 -0.030715
v -0.310511 -0.244395 -0.031589
v -0.326715 -0.200905 0.162933
v -0.349058 -0.207390 0.168020
v -0.300397 -0.222189 0.089707
v -0.312619 -0.243870 0.086772
v -0.306101 -0.223144 -0.201183
v -0.311816 -0.239061 -0.205750
v -0.364642 -0.197279 0.170153
v -0.372754 -0.205315 0.187223
v -0.374977 -0.142507 0.168764
v -0.379819 -0.152985 0.207894
v -0.371426 -0.058648 0.166159
v -0.375291 -0.086361 0.217344
v -0.360784 -0.056734 0.366974
v -0.368847 -0.013026 0.171607
v -0.347770 -0.047815 0.462271
v -0.343501 -0.060100 0.530398
v -0.344486 -0.136925 0.571692
v -0.330134 -0.232997 0.574220
v -0.327607 -0.248166 0.573377
v -0.327607 -0.247760 0.583729
v -0.327607 -0.232093 0.592265
v -0.327607 -0.208547 0.614020
v -0.327607 -0.198969 0.684586
v -0.313572 -0.187391 0.733102
v -0.301855 -0.031518 0.752847
v -0.329519 -0.007787 0.616413
v -0.303835 0.026008 0.718139
v -0.291078 0.060046 0.659987
v -0.299867 0.049408 0.400753
v -0.342422 -0.016125 0.438124
v -0.336088 -0.127795 0.640515
v -0.295038 -0.099894 0.755422
v -0.338691 -0.051556 0.585620
v -0.335371 -0.013313 0.553715
v -0.281532 0.053866 0.599303
v -0.290858 0.053995 0.489784
v -0.295744 0.052616 0.435701
v -0.337323 -0.019337 0.497565
v -0.324779 -0.109087 0.684645
v -0.288973 -0.165430 0.764423
v -0.311172 0.043027 0.689063
v -0.284317 0.026012 0.143141
v -0.328017 -0.064818 0.658382
v -0.175334 -0.012349 -0.805390
v -0.325663 -0.081364 -0.794486
v -0.301217 -0.108664 -0.804866
v -0.242988 -0.094011 -0.832491
v -0.214990 -0.028621 -0.848286
v -0.080009 -0.027023 -0.850138
v -0.254816 -0.004285 -0.792993
v -0.319512 -0.034573 -0.767118
v -0.000441 -0.023499 -0.849427
v -0.184044 -0.012034 -0.817845
v -0.000441 -0.033795 -0.851825
v -0.299094 0.028269 0.775386
v -0.294274 0.070701 0.761252
v -0.296176 0.005449 0.776052
v -0.268085 -0.097440 0.788322
v -0.263411 -0.158148 0.782402
v -0.141350 -0.096214 0.788322
v -0.138895 -0.156921 0.782402
v -0.000441 -0.091920 0.788322
v -0.000441 -0.150890 0.782402
v -0.278566 -0.040546 0.795799
v -0.155831 -0.047191 0.795799
v -0.000441 -0.041057 0.795799
v -0.288004 0.000362 0.793876
v -0.169417 -0.011394 0.793876
v -0.000441 -0.010883 0.793876
v -0.294302 0.026042 0.804486
v -0.179554 0.018375 0.804486
v -0.000441 0.017864 0.804486
v -0.285576 0.066221 0.794449
v -0.179819 0.041846 0.792021
v -0.000441 0.038902 0.792021
v -0.000441 0.216353 -0.123380
v -0.000441 0.226586 0.391631
v -0.000441 0.228772 -0.108943
v -0.000441 0.226586 0.272594
v -0.000441 0.226586 0.282777
v -0.000441 0.226586 0.382201
v -0.000441 0.035843 -0.384609
v -0.000441 0.048139 -0.365181
v -0.000441 0.047284 0.726815
v -0.228323 0.210315 -0.106306
v -0.074307 0.035843 -0.381361
v -0.176050 0.035843 -0.366799
v -0.256877 0.035843 -0.347374
v -0.277470 0.035843 -0.352159
v -0.295598 0.012651 -0.292643
v -0.234302 0.211337 0.143741
v -0.205230 0.220759 -0.126997
v -0.240640 0.117944 -0.235611
v -0.247779 0.062588 -0.320691
v -0.178622 0.052090 -0.344969
v -0.073862 0.052144 -0.359077
v -0.137433 0.215288 -0.123459
v -0.053433 0.215343 -0.125520
v -0.272991 0.066300 0.137626
v -0.235265 0.210861 0.188321
v -0.274985 0.064993 0.189562
v -0.280791 0.050539 -0.254896
v -0.259471 0.099847 -0.222163
v -0.278663 0.037804 -0.280629
v -0.282083 0.050442 0.147630
v -0.297045 0.072267 0.470705
v -0.232360 0.213316 0.164523
v -0.233797 0.210029 0.288324
v -0.290830 0.080321 0.433903
v -0.217963 0.226586 0.389202
v -0.255925 0.139884 0.448128
v -0.276606 0.074330 0.540204
v -0.235770 0.059184 0.716151
v -0.200774 0.226586 0.389202
v -0.120535 0.226586 0.391225
v -0.234500 0.213172 0.022340
v -0.213703 0.226586 -0.088594
v -0.205642 0.226586 -0.101937
v -0.136850 0.228772 -0.107089
v -0.052771 0.228772 -0.108241
v -0.215093 0.226586 0.022762
v -0.216483 0.226586 0.147067
v -0.217178 0.226586 0.163219
v -0.217178 0.226586 0.184288
v -0.216366 0.224232 0.275478
v -0.203229 0.226586 0.277510
v -0.126933 0.226586 0.274279
v -0.062866 0.226586 0.273998
v -0.218285 0.226586 0.293311
v -0.204387 0.226586 0.290385
v -0.125057 0.226586 0.285703
v -0.061939 0.226586 0.283362
v -0.227248 0.226586 0.377498
v -0.248344 0.141112 0.502380
v -0.268455 0.074309 0.628936
v -0.217643 0.226586 0.367929
v -0.210618 0.226586 0.378171
v -0.200052 0.226586 0.377683
v -0.120328 0.226586 0.380609
v -0.000441 0.036187 0.764638
v -0.170353 0.036187 0.764638
v -0.273135 0.061379 0.764638
v -0.299972 0.068488 0.438941
v -0.302461 0.065308 0.411933
v -0.256128 0.155940 0.363160
v -0.240567 0.183235 0.412813
v -0.233499 0.183849 0.445791
v -0.202870 0.213841 0.414355
v -0.241591 0.200034 0.304620
v -0.230284 0.216703 0.385549
v -0.225642 0.216843 0.402103
v -0.120718 0.213244 0.412741
v -0.000441 0.212816 0.409619
v -0.285349 -0.044289 -0.502748
v -0.284562 -0.043958 -0.596305
v -0.224696 -0.112405 -0.502748
v -0.223908 -0.112075 -0.596305
v -0.270527 -0.044289 -0.502748
v -0.227265 -0.083834 -0.502748
v -0.241409 -0.055871 -0.502748
v -0.226477 -0.083503 -0.596305
v -0.269739 -0.043958 -0.596305
v -0.240621 -0.055540 -0.596305
v -0.297292 -0.099545 -0.666665
v -0.271385 -0.099545 -0.666665
v -0.248357 -0.099545 -0.666665
v -0.224177 -0.113008 -0.666665
v -0.218273 -0.127209 -0.666665
v -0.304863 -0.095087 -0.429725
v -0.285114 -0.095087 -0.429725
v -0.265363 -0.105161 -0.429725
v -0.248666 -0.130371 -0.429725
v -0.244111 -0.148137 -0.419357
v -0.000441 0.034745 -0.392150
v -0.074307 0.034745 -0.388903
v -0.176580 0.035066 -0.376653
v -0.256877 0.037733 -0.355791
v -0.153464 0.035843 -0.370621
v -0.151460 0.052011 -0.348558
v -0.154189 0.038452 -0.380224
v -0.000441 -0.019631 -0.842300
v -0.079886 -0.022554 -0.841529
v -0.152923 -0.017010 -0.827478
v -0.073954 0.025499 -0.537351
v -0.073601 0.007075 -0.685800
v -0.177285 0.007075 -0.675060
v -0.172524 0.027372 -0.526611
v -0.000441 0.025499 -0.540599
v -0.000441 0.007075 -0.689047
v -0.162318 -0.002786 -0.799504
v -0.242985 -0.000521 -0.714791
v -0.269736 -0.000056 -0.626500
v -0.264218 0.004596 -0.561973
v -0.264218 0.010877 -0.462618
v -0.278517 0.034177 -0.360903
v -0.185990 0.020791 -0.526611
v -0.190830 0.000468 -0.669874
v -0.172206 0.016287 -0.600835
v -0.073777 0.016287 -0.611576
v -0.000441 0.016287 -0.614823
v -0.188001 0.012460 -0.598242
v -0.267479 -0.027474 -0.818323
v -0.310308 -0.041995 -0.448011
v -0.306029 -0.023263 -0.529159
v -0.306142 -0.025193 -0.611402
v -0.314133 -0.010055 -0.743551
v -0.318948 -0.008899 -0.776808
v -0.299123 -0.032080 -0.300177
v -0.306460 -0.164866 -0.313977
v -0.080164 -0.036877 -0.851825
v -0.169768 -0.035878 -0.851825
v -0.213748 -0.035987 -0.849001
v -0.216478 -0.061538 -0.839325
v -0.000441 -0.110536 -0.839366
v -0.158150 -0.115721 -0.839859
v -0.071003 -0.109414 -0.841024
v -0.342202 0.022943 0.446082
v -0.326449 0.031315 0.609701
v -0.334353 0.020361 0.548862
v -0.337591 0.022475 0.491291
v -0.296684 0.049485 0.768319
v -0.289938 0.046132 0.799468
v -0.179687 0.030111 0.798254
v -0.000441 0.028383 0.798254
v -0.361419 0.019073 0.172483
v -0.325672 -0.255229 -0.407772
v -0.306619 -0.263670 -0.342245
v -0.342343 -0.247878 -0.199107
v -0.339228 -0.247878 -0.035656
v -0.341022 -0.247878 0.084135
v -0.361690 -0.226862 0.191788
v -0.378956 -0.236451 0.252850
v -0.285856 -0.042476 0.148172
v -0.286971 -0.077147 0.146127
v -0.289633 -0.119225 0.143047
v -0.292111 -0.166742 0.134951
v -0.368180 -0.252331 0.301534
v -0.377432 -0.202720 0.292734
v -0.377432 -0.150778 0.290497
v -0.373000 -0.100262 0.167462
v -0.377429 -0.111195 0.212929
v -0.368334 -0.099927 0.318272
v -0.285152 -0.008068 0.150013
v -0.297292 -0.151316 -0.681391
v -0.271385 -0.151316 -0.681391
v -0.248357 -0.151316 -0.681391
v -0.224177 -0.164779 -0.681391
v -0.218273 -0.178980 -0.681391
v -0.302178 -0.147712 -0.030715
v -0.300998 -0.141495 0.089707
v -0.307853 -0.142449 -0.201183
v -0.299009 -0.053071 -0.030715
v -0.299076 -0.046854 0.089707
v -0.306427 -0.047808 -0.201183
v -0.288854 0.024193 -0.030715
v -0.288440 0.030410 0.089707
v -0.295239 0.014236 -0.185963
v -0.280724 0.045420 -0.022546
v -0.281667 0.048906 0.095583
v -0.279518 0.040963 -0.173564
v -0.324438 -0.172125 -0.357852
v -0.305546 -0.210990 -0.405988
v -0.313234 -0.192243 -0.314505
v -0.290871 -0.142983 0.138999
v -0.303022 -0.211533 0.089707
v -0.306909 -0.219683 -0.030715
v -0.311262 -0.214420 -0.201183
v -0.256558 0.101664 -0.224590
v -0.225196 0.213260 -0.107584
v -0.231481 0.216157 0.022346
v -0.231370 0.214297 0.146937
v -0.271689 0.063526 0.140577
v -0.279519 0.047373 -0.260528
v -0.208422 0.221319 -0.122471
v -0.244737 0.116201 -0.233849
v -0.252062 0.058692 -0.321709
v -0.179585 0.048061 -0.347483
v -0.151916 0.048122 -0.351244
v -0.074173 0.048294 -0.361810
v -0.137378 0.216353 -0.119335
v -0.053327 0.216353 -0.121357
v -0.000441 0.215353 -0.127393
v -0.000441 0.051985 -0.362233
v -0.231370 0.214615 0.184355
v -0.273554 0.061088 0.185653
v -0.230034 0.213803 0.289601
v -0.238082 0.203057 0.306995
v -0.289839 0.077061 0.442193
v -0.252727 0.158696 0.365897
v -0.238462 0.057267 0.716960
v -0.161033 0.047284 0.726815
v -0.228988 0.145100 0.552470
v -0.214881 0.185843 0.470836
v -0.205059 0.214211 0.410660
v -0.120727 0.212816 0.408596
v -0.000441 0.213251 0.413744
v -0.056086 0.228054 0.017270
v -0.059285 0.227362 0.138403
v -0.059885 0.227232 0.161129
v -0.000441 0.228055 0.016337
v -0.000441 0.227362 0.137248
v -0.000441 0.227232 0.159932
v -0.133594 0.228055 0.018137
v -0.130451 0.227362 0.138993
v -0.129861 0.227232 0.161667
v -0.204850 0.226586 0.022657
v -0.204085 0.226586 0.142905
v -0.203942 0.226586 0.165465
v -0.357976 -0.189745 0.168353
v -0.363387 -0.097598 0.168137
v -0.356658 -0.010284 0.178726
v -0.352995 0.011357 0.174042
v -0.293275 0.013020 0.156984
v -0.300932 -0.177746 0.148722
v -0.299688 -0.150713 0.147907
v -0.297817 -0.122775 0.146890
v -0.293182 -0.012666 0.155788
v -0.358960 -0.191196 0.168666
v -0.366390 -0.138049 0.167367
v -0.360789 -0.057450 0.168892
v -0.357821 -0.010143 0.179093
v -0.353944 0.012552 0.174292
v -0.292125 0.014270 0.156549
v -0.299822 -0.178758 0.148358
v -0.298527 -0.150778 0.147536
v -0.295933 -0.078805 0.150051
v -0.294048 -0.045117 0.152484
v -0.355796 -0.012257 0.182727
v -0.294650 -0.014572 0.160607
v -0.359243 -0.058131 0.172998
v -0.295497 -0.046114 0.157382
v -0.361769 -0.097181 0.172268
v -0.297330 -0.078858 0.155013
v -0.299159 -0.121600 0.151946
v -0.364688 -0.136450 0.171510
v -0.357078 -0.186730 0.172643
v -0.300411 -0.148783 0.152765
v -0.352235 0.008782 0.178173
v -0.294175 0.010399 0.161589
v -0.301620 -0.175064 0.153557
v -0.297799 -0.069879 -0.801328
v -0.303611 -0.048236 -0.798124
v -0.241515 -0.070289 -0.823221
v -0.270064 -0.023014 -0.810965
v -0.246468 -0.021912 -0.822017
v -0.302878 -0.028479 -0.799580
v -0.207280 -0.024469 -0.847212
v -0.205355 -0.034822 -0.847981
v -0.208867 -0.066327 -0.836283
v -0.000441 -0.074368 -0.848507
v -0.000441 -0.156933 -0.835483
v -0.312402 -0.218099 -0.800067
v -0.169474 -0.029373 -0.846482
v -0.241957 -0.063013 -0.825206
v -0.288214 -0.062914 -0.807138
v -0.292256 -0.047091 -0.804565
v -0.323224 -0.129518 -0.761444
v -0.290877 -0.139162 -0.800956
v -0.238498 -0.130532 -0.824177
v -0.080876 -0.074532 -0.848502
v -0.268119 -0.210797 -0.825212
v -0.171342 -0.184338 -0.850729
v -0.154988 -0.166647 -0.846563
v -0.043588 -0.155815 -0.835720
v -0.171021 -0.203721 -0.856784
v -0.158944 -0.213539 -0.863702
v -0.049170 -0.213742 -0.870020
v -0.168468 -0.075541 -0.848520
v -0.211779 -0.251457 -0.885785
v -0.090854 -0.251767 -0.879557
v -0.030026 -0.251084 -0.881960
v -0.317388 -0.186020 -0.354021
v -0.323542 -0.156220 -0.362829
v -0.323584 -0.035314 -0.350253
v -0.290592 0.007698 -0.465791
v -0.284518 -0.003665 -0.626415
v -0.279607 -0.252364 -0.407916
v -0.324475 -0.170185 -0.404506
v -0.329542 -0.094682 -0.428933
v -0.326566 -0.049642 -0.502086
v -0.329478 -0.049456 -0.597669
v -0.333830 -0.089578 -0.668590
v -0.341952 -0.196521 -0.699411
v -0.308440 -0.258447 -0.679289
v -0.313245 -0.252034 -0.823980
v -0.292017 -0.033308 -0.805717
v -0.245761 -0.028306 -0.824189
v -0.253726 -0.005920 -0.750866
v -0.282850 0.000804 -0.555349
v -0.305966 -0.203717 -0.315021
v -0.279480 -0.244935 -0.332180
v -0.298872 -0.228531 -0.030784
v -0.307968 -0.247738 -0.031619
v -0.324356 -0.201885 0.166267
v -0.346239 -0.207985 0.171076
v -0.296440 -0.223446 0.090346
v -0.310068 -0.247074 0.087704
v -0.301966 -0.222415 -0.201060
v -0.308443 -0.241531 -0.205345
v -0.362196 -0.196158 0.173378
v -0.368977 -0.204128 0.188624
v -0.371994 -0.142387 0.171718
v -0.375630 -0.152944 0.208201
v -0.368997 -0.059157 0.169547
v -0.371109 -0.086734 0.217236
v -0.356704 -0.057651 0.366586
v -0.366334 -0.013601 0.174922
v -0.343714 -0.048823 0.461853
v -0.339350 -0.060671 0.530109
v -0.340309 -0.136783 0.571276
v -0.325998 -0.232472 0.573714
v -0.323451 -0.247707 0.572986
v -0.323451 -0.247300 0.583338
v -0.323481 -0.231540 0.591711
v -0.323473 -0.207980 0.613549
v -0.323485 -0.198843 0.683793
v -0.309672 -0.187621 0.731559
v -0.297902 -0.031371 0.751438
v -0.325389 -0.008177 0.615754
v -0.299699 0.025832 0.717428
v -0.289246 0.056268 0.660092
v -0.296353 0.047111 0.400852
v -0.338289 -0.016759 0.437727
v -0.331937 -0.127777 0.639881
v -0.291432 -0.099783 0.753271
v -0.334536 -0.051960 0.585157
v -0.331199 -0.013703 0.553418
v -0.278544 0.050915 0.599398
v -0.287351 0.051720 0.489373
v -0.291829 0.051149 0.435303
v -0.333161 -0.019812 0.497251
v -0.320770 -0.109246 0.683403
v -0.285549 -0.165529 0.761992
v -0.307264 0.041536 0.688686
v -0.280235 0.025350 0.143877
v -0.323928 -0.065134 0.657474
v -0.175102 -0.016407 -0.804334
v -0.322315 -0.081535 -0.791956
v -0.298911 -0.108213 -0.801385
v -0.241619 -0.094130 -0.828522
v -0.213965 -0.030059 -0.844476
v -0.079958 -0.029559 -0.846790
v -0.254428 -0.008282 -0.791761
v -0.315562 -0.035475 -0.766012
v -0.184326 -0.016044 -0.816629
v -0.000441 -0.034267 -0.847651
v -0.294962 0.028207 0.774632
v -0.292447 0.066961 0.760686
v -0.292141 0.005949 0.775000
v -0.266344 -0.096948 0.784532
v -0.261778 -0.157841 0.778544
v -0.141358 -0.095706 0.784153
v -0.138904 -0.156511 0.778222
v -0.000441 -0.091402 0.784154
v -0.000441 -0.150477 0.778222
v -0.276557 -0.040130 0.792134
v -0.155833 -0.046993 0.791603
v -0.000441 -0.040879 0.791602
v -0.285480 0.001353 0.790669
v -0.169397 -0.010785 0.789721
v -0.000441 -0.010275 0.789721
v -0.291695 0.026060 0.801193
v -0.179558 0.018282 0.800287
v -0.000441 0.017526 0.800300
v -0.284236 0.062996 0.792115
v -0.180305 0.038263 0.789883
v -0.000441 0.035134 0.790165
v -0.000441 0.222615 0.390264
v -0.000441 0.222386 0.272582
v -0.000441 0.222386 0.282777
v -0.000441 0.222386 0.382201
v -0.000441 0.043393 0.725233
v -0.224837 0.208051 -0.105699
v -0.074240 0.031816 -0.380172
v -0.175812 0.031786 -0.365738
v -0.256613 0.031895 -0.345968
v -0.274918 0.032542 -0.351683
v -0.291707 0.011075 -0.292777
v -0.230612 0.209576 0.142784
v -0.204525 0.217034 -0.125189
v -0.239005 0.114773 -0.233394
v -0.246367 0.059679 -0.318010
v -0.178139 0.049282 -0.341884
v -0.073634 0.049163 -0.356127
v -0.137514 0.211441 -0.121776
v -0.053346 0.211521 -0.123782
v -0.268895 0.066375 0.136702
v -0.231628 0.208990 0.189278
v -0.270912 0.064902 0.190582
v -0.276709 0.050000 -0.254068
v -0.255938 0.097809 -0.221161
v -0.274998 0.035763 -0.280422
v -0.278013 0.049409 0.147736
v -0.293016 0.071186 0.470217
v -0.228813 0.211073 0.164704
v -0.230319 0.207678 0.288210
v -0.286728 0.079571 0.433402
v -0.216972 0.222693 0.387977
v -0.252222 0.137950 0.447693
v -0.272779 0.072672 0.539711
v -0.235045 0.056059 0.713440
v -0.200724 0.222557 0.388019
v -0.120539 0.222594 0.389921
v -0.230847 0.211102 0.022434
v -0.212183 0.222678 -0.088368
v -0.204751 0.222583 -0.101031
v -0.136819 0.224784 -0.105774
v -0.052737 0.224863 -0.106707
v -0.213734 0.222612 0.022791
v -0.215122 0.222613 0.147074
v -0.215706 0.222653 0.163240
v -0.215629 0.222683 0.184254
v -0.214770 0.220350 0.275624
v -0.203051 0.222391 0.277588
v -0.126929 0.222386 0.274270
v -0.062866 0.222386 0.273986
v -0.216853 0.222650 0.293621
v -0.204276 0.222389 0.290491
v -0.125057 0.222386 0.285703
v -0.061939 0.222386 0.283362
v -0.224763 0.223209 0.377249
v -0.244990 0.138719 0.501566
v -0.265582 0.071295 0.628386
v -0.216791 0.222475 0.368020
v -0.210618 0.222386 0.378171
v -0.200052 0.222386 0.377683
v -0.120328 0.222386 0.380609
v -0.000441 0.031996 0.764355
v -0.170772 0.032012 0.764443
v -0.274398 0.057382 0.764382
v -0.296022 0.067064 0.438865
v -0.298534 0.063819 0.411947
v -0.252529 0.153850 0.362592
v -0.236797 0.181451 0.412319
v -0.230552 0.181100 0.444608
v -0.202257 0.209840 0.413233
v -0.237962 0.197947 0.304281
v -0.226740 0.214544 0.384900
v -0.223234 0.213790 0.400515
v -0.120774 0.209139 0.411857
v -0.000441 0.208776 0.408470
v -0.285579 -0.040275 -0.501534
v -0.284699 -0.039964 -0.597596
v -0.220641 -0.111717 -0.501897
v -0.219753 -0.111464 -0.596302
v -0.269734 -0.040364 -0.501480
v -0.223422 -0.082463 -0.501751
v -0.238747 -0.052859 -0.501531
v -0.222635 -0.081875 -0.596780
v -0.269128 -0.040005 -0.597588
v -0.238238 -0.052246 -0.597357
v -0.297172 -0.097204 -0.670150
v -0.271191 -0.097181 -0.670130
v -0.247082 -0.097113 -0.669843
v -0.221209 -0.111353 -0.669133
v -0.215046 -0.126200 -0.669156
v -0.305048 -0.091586 -0.427412
v -0.284428 -0.091765 -0.427249
v -0.262954 -0.102684 -0.427339
v -0.245041 -0.129139 -0.427998
v -0.240290 -0.147218 -0.417877
v -0.000441 0.030567 -0.391721
v -0.074357 0.030551 -0.388688
v -0.176120 0.030892 -0.376583
v -0.256671 0.033544 -0.355554
v -0.153261 0.031762 -0.369652
v -0.151222 0.049074 -0.345566
v -0.153896 0.034263 -0.380277
v -0.079824 -0.026533 -0.840185
v -0.152676 -0.020977 -0.826120
v -0.073962 0.021320 -0.536937
v -0.073565 0.002922 -0.685172
v -0.177286 0.002901 -0.674598
v -0.171872 0.023242 -0.526212
v -0.000441 0.021318 -0.540206
v -0.162548 -0.006927 -0.798842
v -0.242894 -0.004715 -0.714593
v -0.269569 -0.004245 -0.626248
v -0.263898 0.000422 -0.561634
v -0.263906 0.006732 -0.462017
v -0.276230 0.030705 -0.360308
v -0.185017 0.016726 -0.526205
v -0.190480 -0.003707 -0.669583
v -0.171453 0.012189 -0.600308
v -0.073746 0.012121 -0.611047
v -0.000441 0.012119 -0.614306
v -0.186978 0.008414 -0.597778
v -0.265793 -0.029241 -0.814906
v -0.306637 -0.044036 -0.448040
v -0.302571 -0.025646 -0.529194
v -0.302925 -0.027893 -0.611394
v -0.311244 -0.013103 -0.743548
v -0.316271 -0.011771 -0.775318
v -0.295020 -0.032767 -0.300755
v -0.302356 -0.165127 -0.314831
v -0.080159 -0.037326 -0.847649
v -0.169380 -0.036096 -0.847648
v -0.213245 -0.035554 -0.844854
v -0.215842 -0.059771 -0.835568
v -0.000441 -0.109815 -0.835229
v -0.157892 -0.115459 -0.835675
v -0.071084 -0.108846 -0.836863
v -0.338653 0.020708 0.445849
v -0.322835 0.029192 0.609434
v -0.330649 0.018392 0.548653
v -0.333919 0.020454 0.491023
v -0.292651 0.048527 0.767641
v -0.287549 0.044666 0.796340
v -0.179816 0.028392 0.794424
v -0.000441 0.026330 0.794589
v -0.358536 0.017310 0.174976
v -0.324172 -0.259145 -0.408014
v -0.304932 -0.267514 -0.342086
v -0.341048 -0.251866 -0.198858
v -0.338516 -0.252017 -0.035689
v -0.339395 -0.251647 0.085020
v -0.358160 -0.225926 0.193861
v -0.374763 -0.236223 0.252898
v -0.282035 -0.042880 0.149870
v -0.283190 -0.077508 0.147919
v -0.285796 -0.119516 0.144732
v -0.287995 -0.167274 0.135595
v -0.363984 -0.252325 0.301369
v -0.373234 -0.202586 0.292668
v -0.373235 -0.150909 0.290388
v -0.370248 -0.100403 0.170631
v -0.373241 -0.111512 0.212967
v -0.364161 -0.100290 0.317969
v -0.281268 -0.008116 0.151610
v -0.297100 -0.150147 -0.685420
v -0.271385 -0.150167 -0.685431
v -0.247997 -0.150172 -0.685416
v -0.222318 -0.163749 -0.685013
v -0.215964 -0.178020 -0.684766
v -0.297982 -0.147876 -0.030811
v -0.296825 -0.141629 0.089251
v -0.303659 -0.142676 -0.201209
v -0.294824 -0.053414 -0.030796
v -0.294912 -0.047183 0.089263
v -0.302243 -0.048171 -0.201184
v -0.284823 0.023014 -0.030728
v -0.284326 0.029574 0.089559
v -0.291271 0.012859 -0.185969
v -0.276860 0.043774 -0.022502
v -0.277699 0.047530 0.095565
v -0.275741 0.039126 -0.173527
v -0.320393 -0.171249 -0.358568
v -0.301739 -0.209227 -0.405795
v -0.309084 -0.191831 -0.315008
v -0.286820 -0.143194 0.140088
v -0.298892 -0.211145 0.089048
v -0.302778 -0.218931 -0.030822
v -0.307133 -0.213653 -0.201176
v -0.253422 0.099283 -0.223129
v -0.222390 0.210276 -0.106655
v -0.228709 0.213003 0.022415
v -0.228092 0.211671 0.146922
v -0.267600 0.062569 0.140645
v -0.275761 0.045623 -0.259855
v -0.206785 0.217773 -0.120926
v -0.241938 0.113491 -0.232280
v -0.251346 0.055463 -0.319120
v -0.179012 0.045146 -0.344514
v -0.151513 0.045103 -0.348352
v -0.073912 0.045226 -0.358954
v -0.137456 0.212516 -0.117628
v -0.053277 0.212666 -0.119346
v -0.228062 0.212033 0.184531
v -0.269909 0.059048 0.186096
v -0.227138 0.210761 0.289656
v -0.234618 0.200716 0.306597
v -0.286586 0.074408 0.442048
v -0.249174 0.156575 0.365179
v -0.238251 0.053257 0.715727
v -0.161256 0.043355 0.725346
v -0.227769 0.141483 0.550719
v -0.213918 0.182172 0.469038
v -0.204360 0.210441 0.408945
v -0.120745 0.208789 0.407404
v -0.000441 0.209129 0.412939
v -0.056086 0.223855 0.017246
v -0.059285 0.223162 0.138379
v -0.059885 0.223032 0.161105
v -0.000441 0.223855 0.016313
v -0.000441 0.223162 0.137224
v -0.000441 0.223032 0.159908
v -0.133551 0.223855 0.018118
v -0.130425 0.223162 0.138975
v -0.129847 0.223032 0.161649
v -0.204807 0.222387 0.022650
v -0.204060 0.222386 0.142899
v -0.203894 0.222387 0.165453
v -0.357652 -0.190654 0.172560
v -0.367672 -0.138155 0.170948
v -0.364922 -0.097556 0.171592
v -0.362258 -0.057745 0.172372
v -0.358689 -0.009940 0.182386
v -0.352400 0.012840 0.177926
v -0.291390 0.013701 0.160675
v -0.298844 -0.178481 0.152291
v -0.296303 -0.150846 0.150805
v -0.295289 -0.122948 0.149878
v -0.293389 -0.079143 0.152998
v -0.291521 -0.045478 0.155451
v -0.290563 -0.012923 0.158682
v -0.366284 -0.138002 0.171689
v -0.363607 -0.097616 0.172490
v -0.361484 -0.057850 0.173243
v -0.358080 -0.010138 0.183285
v -0.353821 0.013965 0.178245
v -0.290105 0.015411 0.160050
v -0.296959 -0.179798 0.151250
v -0.295370 -0.123046 0.150471
v -0.293814 -0.079173 0.153778
v -0.291792 -0.045490 0.156148
v -0.290552 -0.012892 0.159262
v -0.357706 -0.012192 0.186467
v -0.291504 -0.014826 0.163379
v -0.361465 -0.058320 0.176558
v -0.292347 -0.046556 0.160125
v -0.363887 -0.097172 0.175894
v -0.294215 -0.079155 0.157815
v -0.295973 -0.121760 0.154678
v -0.366915 -0.136494 0.175070
v -0.358347 -0.188596 0.176185
v -0.297240 -0.148791 0.155519
v -0.353702 0.010763 0.181574
v -0.291507 0.012078 0.164364
v -0.298710 -0.176469 0.156240
v -0.295974 -0.069877 -0.797546
v -0.300570 -0.048707 -0.795265
v -0.240054 -0.069215 -0.819433
v -0.268750 -0.026098 -0.808434
v -0.245513 -0.025343 -0.819791
v -0.299923 -0.029575 -0.796804
v -0.207032 -0.027121 -0.843965
v -0.205185 -0.034597 -0.843790
v -0.207858 -0.065994 -0.832220
v 0.315185 -0.217898 -0.802108
v 0.168674 -0.026832 -0.849825
v 0.242496 -0.064797 -0.828733
v 0.289352 -0.064456 -0.810482
v 0.293934 -0.047311 -0.807887
v 0.326255 -0.129473 -0.762969
v 0.292316 -0.139205 -0.804456
v 0.238833 -0.130567 -0.828197
v 0.079979 -0.075172 -0.852653
v 0.269159 -0.209332 -0.828647
v 0.171402 -0.182902 -0.854562
v 0.154396 -0.165470 -0.850584
v 0.042657 -0.154732 -0.839778
v 0.170885 -0.201756 -0.860420
v 0.158141 -0.211746 -0.867500
v 0.048374 -0.212111 -0.873889
v 0.168094 -0.076086 -0.852654
v 0.211842 -0.249207 -0.889204
v 0.090122 -0.250396 -0.883524
v 0.029262 -0.249863 -0.885977
v 0.320386 -0.187618 -0.353842
v 0.326726 -0.156633 -0.361862
v 0.326726 -0.034274 -0.349647
v 0.292126 0.011096 -0.466297
v 0.284921 0.000332 -0.626500
v 0.282603 -0.250758 -0.407772
v 0.327652 -0.171221 -0.404203
v 0.332765 -0.095087 -0.429725
v 0.329585 -0.051050 -0.502748
v 0.332363 -0.050719 -0.596305
v 0.336607 -0.090319 -0.666665
v 0.345214 -0.197190 -0.699280
v 0.311516 -0.259808 -0.679637
v 0.315545 -0.251009 -0.826522
v 0.293357 -0.031931 -0.809004
v 0.246569 -0.026538 -0.827603
v 0.253339 -0.001760 -0.751161
v 0.283907 0.004524 -0.555569
v 0.308977 -0.205293 -0.315033
v 0.282603 -0.243707 -0.332477
v 0.302188 -0.228406 -0.030715
v 0.309629 -0.244395 -0.031589
v 0.325833 -0.200905 0.162933
v 0.348176 -0.207390 0.168020
v 0.299515 -0.222189 0.089707
v 0.311737 -0.243870 0.086772
v 0.305219 -0.223144 -0.201183
v 0.310934 -0.239061 -0.205750
v 0.363760 -0.197279 0.170153
v 0.371873 -0.205315 0.187223
v 0.374095 -0.142507 0.168764
v 0.378937 -0.152985 0.207894
v 0.370544 -0.058648 0.166159
v 0.374409 -0.086361 0.217344
v 0.359902 -0.056734 0.366974
v 0.367965 -0.013026 0.171607
v 0.346888 -0.047815 0.462271
v 0.342619 -0.060100 0.530398
v 0.343604 -0.136925 0.571692
v 0.329252 -0.232997 0.574220
v 0.326726 -0.248166 0.573377
v 0.326726 -0.247760 0.583729
v 0.326726 -0.232093 0.592265
v 0.326726 -0.208547 0.614020
v 0.326726 -0.198969 0.684586
v 0.312690 -0.187391 0.733102
v 0.300974 -0.031518 0.752847
v 0.328637 -0.007787 0.616413
v 0.302953 0.026008 0.718139
v 0.290197 0.060046 0.659987
v 0.298986 0.049408 0.400753
v 0.341540 -0.016125 0.438124
v 0.335207 -0.127795 0.640515
v 0.294156 -0.099894 0.755422
v 0.337809 -0.051556 0.585620
v 0.334489 -0.013313 0.553715
v 0.280650 0.053866 0.599303
v 0.289976 0.053995 0.489784
v 0.294863 0.052616 0.435701
v 0.336441 -0.019337 0.497565
v 0.323897 -0.109087 0.684645
v 0.288091 -0.165430 0.764423
v 0.310290 0.043027 0.689063
v 0.283435 0.026012 0.143141
v 0.327135 -0.064818 0.658382
v 0.174452 -0.012349 -0.805390
v 0.324781 -0.081364 -0.794486
v 0.300335 -0.108664 -0.804866
v 0.242107 -0.094011 -0.832491
v 0.214108 -0.028621 -0.848286
v 0.079128 -0.027023 -0.850138
v 0.253934 -0.004285 -0.792993
v 0.318631 -0.034573 -0.767118
v 0.183163 -0.012034 -0.817845
v 0.298212 0.028269 0.775386
v 0.293393 0.070701 0.761252
v 0.295294 0.005449 0.776052
v 0.267203 -0.097440 0.788322
v 0.262529 -0.158148 0.782402
v 0.140468 -0.096214 0.788322
v 0.138013 -0.156921 0.782402
v 0.277684 -0.040546 0.795799
v 0.154949 -0.047191 0.795799
v 0.287122 0.000362 0.793876
v 0.168535 -0.011394 0.793876
v 0.293420 0.026042 0.804486
v 0.178672 0.018375 0.804486
v 0.284694 0.066221 0.794449
v 0.178937 0.041846 0.792021
v 0.227441 0.210315 -0.106306
v 0.073425 0.035843 -0.381361
v 0.175168 0.035843 -0.366799
v 0.255996 0.035843 -0.347374
v 0.276589 0.035843 -0.352159
v 0.294716 0.012651 -0.292643
v 0.233421 0.211337 0.143741
v 0.204348 0.220759 -0.126997
v 0.239758 0.117944 -0.235611
v 0.246898 0.062588 -0.320691
v 0.177740 0.052090 -0.344969
v 0.072980 0.052144 -0.359077
v 0.136551 0.215288 -0.123459
v 0.052552 0.215343 -0.125520
v 0.272109 0.066300 0.137626
v 0.234383 0.210861 0.188321
v 0.274103 0.064993 0.189562
v 0.279910 0.050539 -0.254896
v 0.258589 0.099847 -0.222163
v 0.277781 0.037804 -0.280629
v 0.281201 0.050442 0.147630
v 0.296163 0.072267 0.470705
v 0.231478 0.213316 0.164523
v 0.232915 0.210029 0.288324
v 0.289948 0.080321 0.433903
v 0.217082 0.226586 0.389202
v 0.255043 0.139884 0.448128
v 0.275724 0.074330 0.540204
v 0.234888 0.059184 0.716151
v 0.199893 0.226586 0.389202
v 0.119653 0.226586 0.391225
v 0.233618 0.213172 0.022340
v 0.212822 0.226586 -0.088594
v 0.204760 0.226586 -0.101937
v 0.135968 0.228772 -0.107089
v 0.051889 0.228772 -0.108241
v 0.214211 0.226586 0.022762
v 0.215601 0.226586 0.147067
v 0.216296 0.226586 0.163219
v 0.216296 0.226586 0.184288
v 0.215484 0.224232 0.275478
v 0.202348 0.226586 0.277510
v 0.126051 0.226586 0.274279
v 0.061984 0.226586 0.273998
v 0.217403 0.226586 0.293311
v 0.203506 0.226586 0.290385
v 0.124175 0.226586 0.285703
v 0.061057 0.226586 0.283362
v 0.226366 0.226586 0.377498
v 0.247462 0.141112 0.502380
v 0.267573 0.074309 0.628936
v 0.216761 0.226586 0.367929
v 0.209736 0.226586 0.378171
v 0.199170 0.226586 0.377683
v 0.119446 0.226586 0.380609
v 0.169471 0.036187 0.764638
v 0.272254 0.061379 0.764638
v 0.299090 0.068488 0.438941
v 0.301579 0.065308 0.411933
v 0.255246 0.155940 0.363160
v 0.239685 0.183235 0.412813
v 0.232617 0.183849 0.445791
v 0.201988 0.213841 0.414355
v 0.240710 0.200034 0.304620
v 0.229402 0.216703 0.385549
v 0.224760 0.216843 0.402103
v 0.119837 0.213244 0.412741
v 0.284468 -0.044289 -0.502748
v 0.283680 -0.043958 -0.596305
v 0.223814 -0.112405 -0.502748
v 0.223027 -0.112075 -0.596305
v 0.269645 -0.044289 -0.502748
v 0.226383 -0.083834 -0.502748
v 0.240527 -0.055871 -0.502748
v 0.225596 -0.083503 -0.596305
v 0.268857 -0.043958 -0.596305
v 0.239739 -0.055540 -0.596305
v 0.296411 -0.099545 -0.666665
v 0.270504 -0.099545 -0.666665
v 0.247475 -0.099545 -0.666665
v 0.223295 -0.113008 -0.666665
v 0.217391 -0.127209 -0.666665
v 0.303982 -0.095087 -0.429725
v 0.284232 -0.095087 -0.429725
v 0.264482 -0.105161 -0.429725
v 0.247784 -0.130371 -0.429725
v 0.243230 -0.148137 -0.419357
v 0.073425 0.034745 -0.388903
v 0.175698 0.035066 -0.376653
v 0.255996 0.037733 -0.355791
v 0.152582 0.035843 -0.370621
v 0.150579 0.052011 -0.348558
v 0.153307 0.038452 -0.380224
v 0.079004 -0.022554 -0.841529
v 0.152041 -0.017010 -0.827478
v 0.073072 0.025499 -0.537351
v 0.072719 0.007075 -0.685800
v 0.176403 0.007075 -0.675060
v 0.171643 0.027372 -0.526611
v 0.161436 -0.002786 -0.799504
v 0.242103 -0.000521 -0.714791
v 0.268855 -0.000056 -0.626500
v 0.263336 0.004596 -0.561973
v 0.263336 0.010877 -0.462618
v 0.277635 0.034177 -0.360903
v 0.185109 0.020791 -0.526611
v 0.189948 0.000468 -0.669874
v 0.171324 0.016287 -0.600835
v 0.072896 0.016287 -0.611576
v 0.187120 0.012460 -0.598242
v 0.266597 -0.027474 -0.818323
v 0.309426 -0.041995 -0.448011
v 0.305147 -0.023263 -0.529159
v 0.305261 -0.025193 -0.611402
v 0.313251 -0.010055 -0.743551
v 0.318067 -0.008899 -0.776808
v 0.298241 -0.032080 -0.300177
v 0.305578 -0.164866 -0.313977
v 0.079282 -0.036877 -0.851825
v 0.168886 -0.035878 -0.851825
v 0.212866 -0.035987 -0.849001
v 0.215596 -0.061538 -0.839325
v 0.157268 -0.115721 -0.839859
v 0.070121 -0.109414 -0.841024
v 0.341320 0.022943 0.446082
v 0.325567 0.031315 0.609701
v 0.333472 0.020361 0.548862
v 0.336709 0.022475 0.491291
v 0.295802 0.049485 0.768319
v 0.289057 0.046132 0.799468
v 0.178805 0.030111 0.798254
v 0.360537 0.019073 0.172483
v 0.324791 -0.255229 -0.407772
v 0.305737 -0.263670 -0.342245
v 0.341461 -0.247878 -0.199107
v 0.338346 -0.247878 -0.035656
v 0.340140 -0.247878 0.084135
v 0.360808 -0.226862 0.191788
v 0.378074 -0.236451 0.252850
v 0.284974 -0.042476 0.148172
v 0.286089 -0.077147 0.146127
v 0.288751 -0.119225 0.143047
v 0.291229 -0.166742 0.134951
v 0.367299 -0.252331 0.301534
v 0.376550 -0.202720 0.292734
v 0.376550 -0.150778 0.290497
v 0.372118 -0.100262 0.167462
v 0.376547 -0.111195 0.212929
v 0.367452 -0.099927 0.318272
v 0.284270 -0.008068 0.150013
v 0.296411 -0.151316 -0.681391
v 0.270504 -0.151316 -0.681391
v 0.247475 -0.151316 -0.681391
v 0.223295 -0.164779 -0.681391
v 0.217391 -0.178980 -0.681391
v 0.301296 -0.147712 -0.030715
v 0.300116 -0.141495 0.089707
v 0.306971 -0.142449 -0.201183
v 0.298127 -0.053071 -0.030715
v 0.298194 -0.046854 0.089707
v 0.305545 -0.047808 -0.201183
v 0.287972 0.024193 -0.030715
v 0.287558 0.030410 0.089707
v 0.294357 0.014236 -0.185963
v 0.279842 0.045420 -0.022546
v 0.280785 0.048906 0.095583
v 0.278636 0.040963 -0.173564
v 0.323556 -0.172125 -0.357852
v 0.304665 -0.210990 -0.405988
v 0.312352 -0.192243 -0.314505
v 0.289990 -0.142983 0.138999
v 0.302140 -0.211533 0.089707
v 0.306027 -0.219683 -0.030715
v 0.310380 -0.214420 -0.201183
v 0.255676 0.101664 -0.224590
v 0.224314 0.213260 -0.107584
v 0.230599 0.216157 0.022346
v 0.230488 0.214297 0.146937
v 0.270807 0.063526 0.140577
v 0.278637 0.047373 -0.260528
v 0.207540 0.221319 -0.122471
v 0.243855 0.116201 -0.233849
v 0.251180 0.058692 -0.321709
v 0.178704 0.048061 -0.347483
v 0.151034 0.048122 -0.351244
v 0.073291 0.048294 -0.361810
v 0.136496 0.216353 -0.119335
v 0.052445 0.216353 -0.121357
v 0.230488 0.214615 0.184355
v 0.272672 0.061088 0.185653
v 0.229152 0.213803 0.289601
v 0.237200 0.203057 0.306995
v 0.288957 0.077061 0.442193
v 0.251845 0.158696 0.365897
v 0.237580 0.057267 0.716960
v 0.160151 0.047284 0.726815
v 0.228106 0.145100 0.552470
v 0.213999 0.185843 0.470836
v 0.204177 0.214211 0.410660
v 0.119846 0.212816 0.408596
v 0.055204 0.228054 0.017270
v 0.058403 0.227362 0.138403
v 0.059003 0.227232 0.161129
v 0.132712 0.228055 0.018137
v 0.129569 0.227362 0.138993
v 0.128979 0.227232 0.161667
v 0.203968 0.226586 0.022657
v 0.203204 0.226586 0.142905
v 0.203060 0.226586 0.165465
v 0.357094 -0.189745 0.168353
v 0.365508 -0.138049 0.167367
v 0.362505 -0.097598 0.168137
v 0.359907 -0.057450 0.168892
v 0.355776 -0.010284 0.178726
v 0.352113 0.011357 0.174042
v 0.292393 0.013020 0.156984
v 0.300050 -0.177746 0.148722
v 0.298807 -0.150713 0.147907
v 0.296935 -0.122775 0.146890
v 0.292300 -0.012666 0.155788
v 0.358078 -0.191196 0.168666
v 0.356939 -0.010143 0.179093
v 0.353063 0.012552 0.174292
v 0.291243 0.014270 0.156549
v 0.298940 -0.178758 0.148358
v 0.297645 -0.150778 0.147536
v 0.295051 -0.078805 0.150051
v 0.293166 -0.045117 0.152484
v 0.354914 -0.012257 0.182727
v 0.293768 -0.014572 0.160607
v 0.358362 -0.058131 0.172998
v 0.294615 -0.046114 0.157382
v 0.360888 -0.097181 0.172268
v 0.296448 -0.078858 0.155013
v 0.298277 -0.121600 0.151946
v 0.363806 -0.136450 0.171510
v 0.356196 -0.186730 0.172643
v 0.299529 -0.148783 0.152765
v 0.351353 0.008782 0.178173
v 0.293293 0.010399 0.161589
v 0.300738 -0.175064 0.153557
v 0.296917 -0.069879 -0.801328
v 0.302729 -0.048236 -0.798124
v 0.240633 -0.070289 -0.823221
v 0.269182 -0.023014 -0.810965
v 0.245586 -0.021912 -0.822017
v 0.301996 -0.028479 -0.799580
v 0.206398 -0.024469 -0.847212
v 0.204473 -0.034822 -0.847981
v 0.207985 -0.066327 -0.836283
v -0.000441 -0.250855 -0.881999
v -0.000441 -0.213913 -0.871287
v 0.311520 -0.218099 -0.800067
v 0.168592 -0.029373 -0.846482
v 0.241075 -0.063013 -0.825206
v 0.287332 -0.062914 -0.807138
v 0.291374 -0.047091 -0.804565
v 0.322342 -0.129518 -0.761444
v 0.289996 -0.139162 -0.800956
v 0.237616 -0.130532 -0.824177
v 0.079994 -0.074532 -0.848502
v 0.267237 -0.210797 -0.825212
v 0.170461 -0.184338 -0.850729
v 0.154106 -0.166647 -0.846563
v 0.042706 -0.155815 -0.835720
v 0.170139 -0.203721 -0.856784
v 0.158063 -0.213539 -0.863702
v 0.048288 -0.213742 -0.870020
v 0.167586 -0.075541 -0.848520
v 0.210897 -0.251457 -0.885785
v 0.089972 -0.251767 -0.879557
v 0.029144 -0.251084 -0.881960
v 0.316506 -0.186020 -0.354021
v 0.322660 -0.156220 -0.362829
v 0.322702 -0.035314 -0.350253
v 0.289710 0.007698 -0.465791
v 0.283636 -0.003665 -0.626415
v 0.278725 -0.252364 -0.407916
v 0.323593 -0.170185 -0.404506
v 0.328660 -0.094682 -0.428933
v 0.325684 -0.049642 -0.502086
v 0.328596 -0.049456 -0.597669
v 0.332948 -0.089578 -0.668590
v 0.341070 -0.196521 -0.699411
v 0.307558 -0.258447 -0.679289
v 0.312363 -0.252034 -0.823980
v 0.291135 -0.033308 -0.805717
v 0.244879 -0.028306 -0.824189
v 0.252844 -0.005920 -0.750866
v 0.281968 0.000804 -0.555349
v 0.305084 -0.203717 -0.315021
v 0.278598 -0.244935 -0.332180
v 0.297991 -0.228531 -0.030784
v 0.307087 -0.247738 -0.031619
v 0.323474 -0.201885 0.166267
v 0.345357 -0.207985 0.171076
v 0.295558 -0.223446 0.090346
v 0.309186 -0.247074 0.087704
v 0.301084 -0.222415 -0.201060
v 0.307562 -0.241531 -0.205345
v 0.361314 -0.196158 0.173378
v 0.368095 -0.204128 0.188624
v 0.371112 -0.142387 0.171718
v 0.374748 -0.152944 0.208201
v 0.368115 -0.059157 0.169547
v 0.370227 -0.086734 0.217236
v 0.355822 -0.057651 0.366586
v 0.365452 -0.013601 0.174922
v 0.342832 -0.048823 0.461853
v 0.338468 -0.060671 0.530109
v 0.339427 -0.136783 0.571276
v 0.325116 -0.232472 0.573714
v 0.322569 -0.247707 0.572986
v 0.322569 -0.247300 0.583338
v 0.322599 -0.231540 0.591711
v 0.322591 -0.207980 0.613549
v 0.322603 -0.198843 0.683793
v 0.308791 -0.187621 0.731559
v 0.297020 -0.031371 0.751438
v 0.324507 -0.008177 0.615754
v 0.298817 0.025832 0.717428
v 0.288364 0.056268 0.660092
v 0.295471 0.047111 0.400852
v 0.337407 -0.016759 0.437727
v 0.331055 -0.127777 0.639881
v 0.290550 -0.099783 0.753271
v 0.333655 -0.051960 0.585157
v 0.330317 -0.013703 0.553418
v 0.277663 0.050915 0.599398
v 0.286470 0.051720 0.489373
v 0.290947 0.051149 0.435303
v 0.332279 -0.019812 0.497251
v 0.319888 -0.109246 0.683403
v 0.284667 -0.165529 0.761992
v 0.306382 0.041536 0.688686
v 0.279353 0.025350 0.143877
v 0.323046 -0.065134 0.657474
v 0.174220 -0.016407 -0.804334
v 0.321433 -0.081535 -0.791956
v 0.298029 -0.108213 -0.801385
v 0.240737 -0.094130 -0.828522
v 0.213083 -0.030059 -0.844476
v 0.079076 -0.029559 -0.846790
v 0.253547 -0.008282 -0.791761
v 0.314680 -0.035475 -0.766012
v -0.000441 -0.026050 -0.846092
v 0.183444 -0.016044 -0.816629
v 0.294081 0.028207 0.774632
v 0.291565 0.066961 0.760686
v 0.291259 0.005949 0.775000
v 0.265462 -0.096948 0.784532
v 0.260897 -0.157841 0.778544
v 0.140476 -0.095706 0.784153
v 0.138023 -0.156511 0.778222
v 0.275675 -0.040130 0.792134
v 0.154952 -0.046993 0.791603
v 0.284598 0.001353 0.790669
v 0.168515 -0.010785 0.789721
v 0.290813 0.026060 0.801193
v 0.178676 0.018282 0.800287
v 0.283354 0.062996 0.792115
v 0.179424 0.038263 0.789883
v -0.000441 0.212631 -0.121434
v -0.000441 0.224852 -0.107438
v -0.000441 0.031898 -0.383170
v -0.000441 0.045055 -0.362333
v 0.223955 0.208051 -0.105699
v 0.073358 0.031816 -0.380172
v 0.174930 0.031786 -0.365738
v 0.255731 0.031895 -0.345968
v 0.274037 0.032542 -0.351683
v 0.290825 0.011075 -0.292777
v 0.229730 0.209576 0.142784
v 0.203643 0.217034 -0.125189
v 0.238123 0.114773 -0.233394
v 0.245485 0.059679 -0.318010
v 0.177257 0.049282 -0.341884
v 0.072753 0.049163 -0.356127
v 0.136632 0.211441 -0.121776
v 0.052464 0.211521 -0.123782
v 0.268013 0.066375 0.136702
v 0.230746 0.208990 0.189278
v 0.270030 0.064902 0.190582
v 0.275827 0.050000 -0.254068
v 0.255056 0.097809 -0.221161
v 0.274116 0.035763 -0.280422
v 0.277131 0.049409 0.147736
v 0.292134 0.071186 0.470217
v 0.227931 0.211073 0.164704
v 0.229437 0.207678 0.288210
v 0.285846 0.079571 0.433402
v 0.216090 0.222693 0.387977
v 0.251341 0.137950 0.447693
v 0.271897 0.072672 0.539711
v 0.234163 0.056059 0.713440
v 0.199843 0.222557 0.388019
v 0.119657 0.222594 0.389921
v 0.229965 0.211102 0.022434
v 0.211301 0.222678 -0.088368
v 0.203869 0.222583 -0.101031
v 0.135937 0.224784 -0.105774
v 0.051855 0.224863 -0.106707
v 0.212853 0.222612 0.022791
v 0.214241 0.222613 0.147074
v 0.214824 0.222653 0.163240
v 0.214747 0.222683 0.184254
v 0.213888 0.220350 0.275624
v 0.202169 0.222391 0.277588
v 0.126047 0.222386 0.274270
v 0.061984 0.222386 0.273986
v 0.215972 0.222650 0.293621
v 0.203394 0.222389 0.290491
v 0.124175 0.222386 0.285703
v 0.061057 0.222386 0.283362
v 0.223881 0.223209 0.377249
v 0.244108 0.138719 0.501566
v 0.264700 0.071295 0.628386
v 0.215909 0.222475 0.368020
v 0.209736 0.222386 0.378171
v 0.199170 0.222386 0.377683
v 0.119446 0.222386 0.380609
v 0.169891 0.032012 0.764443
v 0.273517 0.057382 0.764382
v 0.295140 0.067064 0.438865
v 0.297652 0.063819 0.411947
v 0.251648 0.153850 0.362592
v 0.235915 0.181451 0.412319
v 0.229670 0.181100 0.444608
v 0.201376 0.209840 0.413233
v 0.237081 0.197947 0.304281
v 0.225859 0.214544 0.384900
v 0.222352 0.213790 0.400515
v 0.119892 0.209139 0.411857
v 0.284697 -0.040275 -0.501534
v 0.283817 -0.039964 -0.597596
v 0.219759 -0.111717 -0.501897
v 0.218871 -0.111464 -0.596302
v 0.268852 -0.040364 -0.501480
v 0.222540 -0.082463 -0.501751
v 0.237865 -0.052859 -0.501531
v 0.221753 -0.081875 -0.596780
v 0.268247 -0.040005 -0.597588
v 0.237357 -0.052246 -0.597357
v 0.296290 -0.097204 -0.670150
v 0.270309 -0.097181 -0.670130
v 0.246200 -0.097113 -0.669843
v 0.220327 -0.111353 -0.669133
v 0.214164 -0.126200 -0.669156
v 0.304166 -0.091586 -0.427412
v 0.283546 -0.091765 -0.427249
v 0.262072 -0.102684 -0.427339
v 0.244159 -0.129139 -0.427998
v 0.239408 -0.147218 -0.417877
v 0.073475 0.030551 -0.388688
v 0.175238 0.030892 -0.376583
v 0.255790 0.033544 -0.355554
v 0.152379 0.031762 -0.369652
v 0.150340 0.049074 -0.345566
v 0.153015 0.034263 -0.380277
v -0.000441 -0.023598 -0.840927
v 0.078942 -0.026533 -0.840185
v 0.151794 -0.020977 -0.826120
v 0.073080 0.021320 -0.536937
v 0.072683 0.002922 -0.685172
v 0.176404 0.002901 -0.674598
v 0.170990 0.023242 -0.526212
v -0.000441 0.002924 -0.688410
v 0.161666 -0.006927 -0.798842
v 0.242012 -0.004715 -0.714593
v 0.268687 -0.004245 -0.626248
v 0.263017 0.000422 -0.561634
v 0.263025 0.006732 -0.462017
v 0.275348 0.030705 -0.360308
v 0.184135 0.016726 -0.526205
v 0.189599 -0.003707 -0.669583
v 0.170571 0.012189 -0.600308
v 0.072864 0.012121 -0.611047
v 0.186096 0.008414 -0.597778
v 0.264911 -0.029241 -0.814906
v 0.305755 -0.044036 -0.448040
v 0.301689 -0.025646 -0.529194
v 0.302044 -0.027893 -0.611394
v 0.310362 -0.013103 -0.743548
v 0.315389 -0.011771 -0.775318
v 0.294138 -0.032767 -0.300755
v 0.301474 -0.165127 -0.314831
v 0.079277 -0.037326 -0.847649
v 0.168498 -0.036096 -0.847648
v 0.212363 -0.035554 -0.844854
v 0.214960 -0.059771 -0.835568
v 0.157010 -0.115459 -0.835675
v 0.070203 -0.108846 -0.836863
v 0.337772 0.020708 0.445849
v 0.321953 0.029192 0.609434
v 0.329767 0.018392 0.548653
v 0.333037 0.020454 0.491023
v 0.291770 0.048527 0.767641
v 0.286667 0.044666 0.796340
v 0.178934 0.028392 0.794424
v 0.357654 0.017310 0.174976
v 0.323290 -0.259145 -0.408014
v 0.304050 -0.267514 -0.342086
v 0.340166 -0.251866 -0.198858
v 0.337635 -0.252017 -0.035689
v 0.338513 -0.251647 0.085020
v 0.357278 -0.225926 0.193861
v 0.373881 -0.236223 0.252898
v 0.281153 -0.042880 0.149870
v 0.282308 -0.077508 0.147919
v 0.284915 -0.119516 0.144732
v 0.287113 -0.167274 0.135595
v 0.363102 -0.252325 0.301369
v 0.372353 -0.202586 0.292668
v 0.372353 -0.150909 0.290388
v 0.369366 -0.100403 0.170631
v 0.372359 -0.111512 0.212967
v 0.363279 -0.100290 0.317969
v 0.280386 -0.008116 0.151610
v 0.296218 -0.150147 -0.685420
v 0.270504 -0.150167 -0.685431
v 0.247116 -0.150172 -0.685416
v 0.221436 -0.163749 -0.685013
v 0.215083 -0.178020 -0.684766
v 0.297101 -0.147876 -0.030811
v 0.295943 -0.141629 0.089251
v 0.302777 -0.142676 -0.201209
v 0.293942 -0.053414 -0.030796
v 0.294031 -0.047183 0.089263
v 0.301361 -0.048171 -0.201184
v 0.283941 0.023014 -0.030728
v 0.283445 0.029574 0.089559
v 0.290389 0.012859 -0.185969
v 0.275978 0.043774 -0.022502
v 0.276817 0.047530 0.095565
v 0.274859 0.039126 -0.173527
v 0.319511 -0.171249 -0.358568
v 0.300857 -0.209227 -0.405795
v 0.308202 -0.191831 -0.315008
v 0.285939 -0.143194 0.140088
v 0.298010 -0.211145 0.089048
v 0.301896 -0.218931 -0.030822
v 0.306251 -0.213653 -0.201176
v 0.252540 0.099283 -0.223129
v 0.221509 0.210276 -0.106655
v 0.227827 0.213003 0.022415
v 0.227210 0.211671 0.146922
v 0.266718 0.062569 0.140645
v 0.274879 0.045623 -0.259855
v 0.205903 0.217773 -0.120926
v 0.241056 0.113491 -0.232280
v 0.250464 0.055463 -0.319120
v 0.178130 0.045146 -0.344514
v 0.150632 0.045103 -0.348352
v 0.073031 0.045226 -0.358954
v 0.136574 0.212516 -0.117628
v 0.052395 0.212666 -0.119346
v -0.000441 0.211532 -0.125650
v -0.000441 0.048983 -0.359298
v 0.227180 0.212033 0.184531
v 0.269028 0.059048 0.186096
v 0.226256 0.210761 0.289656
v 0.233736 0.200716 0.306597
v 0.285704 0.074408 0.442048
v 0.248292 0.156575 0.365179
v 0.237369 0.053257 0.715727
v 0.160374 0.043355 0.725346
v 0.226887 0.141483 0.550719
v 0.213037 0.182172 0.469038
v 0.203478 0.210441 0.408945
v 0.119864 0.208789 0.407404
v 0.055204 0.223855 0.017246
v 0.058403 0.223162 0.138379
v 0.059003 0.223032 0.161105
v 0.132669 0.223855 0.018118
v 0.129543 0.223162 0.138975
v 0.128965 0.223032 0.161649
v 0.203925 0.222387 0.022650
v 0.203178 0.222386 0.142899
v 0.203012 0.222387 0.165453
v 0.356770 -0.190654 0.172560
v 0.366790 -0.138155 0.170948
v 0.364040 -0.097556 0.171592
v 0.361376 -0.057745 0.172372
v 0.357807 -0.009940 0.182386
v 0.351518 0.012840 0.177926
v 0.290508 0.013701 0.160675
v 0.297962 -0.178481 0.152291
v 0.295421 -0.150846 0.150805
v 0.294407 -0.122948 0.149878
v 0.292507 -0.079143 0.152998
v 0.290639 -0.045478 0.155451
v 0.289681 -0.012923 0.158682
v 0.365402 -0.138002 0.171689
v 0.362725 -0.097616 0.172490
v 0.360603 -0.057850 0.173243
v 0.357198 -0.010138 0.183285
v 0.352939 0.013965 0.178245
v 0.289223 0.015411 0.160050
v 0.296077 -0.179798 0.151250
v 0.294488 -0.123046 0.150471
v 0.292932 -0.079173 0.153778
v 0.290910 -0.045490 0.156148
v 0.289670 -0.012892 0.159262
v 0.356824 -0.012192 0.186467
v 0.290622 -0.014826 0.163379
v 0.360583 -0.058320 0.176558
v 0.291465 -0.046556 0.160125
v 0.363006 -0.097172 0.175894
v 0.293333 -0.079155 0.157815
v 0.295091 -0.121760 0.154678
v 0.366034 -0.136494 0.175070
v 0.357465 -0.188596 0.176185
v 0.296358 -0.148791 0.155519
v 0.352820 0.010763 0.181574
v 0.290625 0.012078 0.164364
v 0.297828 -0.176469 0.156240
v 0.295092 -0.069877 -0.797546
v 0.299688 -0.048707 -0.795265
v 0.239172 -0.069215 -0.819433
v 0.267869 -0.026098 -0.808434
v 0.244631 -0.025343 -0.819791
v 0.299042 -0.029575 -0.796804
v 0.206150 -0.027121 -0.843965
v 0.204303 -0.034597 -0.843790
v 0.206976 -0.065994 -0.832220
vn 0.9772 -0.1883 -0.0985
vn 0.2900 -0.9483 0.1288
vn 0.0042 -0.9980 0.0633
vn 0.2913 -0.8427 0.4528
vn 0.8596 -0.4427 0.2552
vn -0.0000 0.7560 -0.6546
vn -0.0000 0.7999 -0.6001
vn -0.0000 0.9798 -0.1997
vn -0.0000 0.9866 0.1631
vn -0.0000 -0.9989 -0.0466
vn 0.0015 -0.9994 -0.0336
vn 0.0030 -1.0000 0.0042
vn 0.0049 -0.8976 0.4408
vn 0.0031 -0.8769 0.4806
vn 0.0015 -0.8646 0.5024
vn -0.0000 -0.6250 0.7807
vn -0.0000 0.5166 -0.8562
vn -0.0000 0.9954 0.0957
vn -0.0000 0.9982 0.0605
vn -0.1630 0.9555 -0.2459
vn 0.1630 0.9555 -0.2459
vn -0.0459 0.9831 0.1770
vn 0.0459 0.9831 0.1770
vn -0.9686 0.2458 0.0374
vn -0.9585 0.2817 -0.0441
vn 0.4110 0.8833 -0.2256
vn -0.0000 -0.2509 0.9680
vn 0.4568 0.8756 0.1573
vn -0.8773 -0.4649 0.1188
vn -0.9014 -0.4261 -0.0765
vn -0.9304 0.3625 0.0552
vn -0.9083 0.4133 -0.0647
vn -0.0000 0.4281 -0.9037
vn 0.9585 -0.2817 0.0441
vn -0.0000 -0.4281 0.9037
vn 0.9686 -0.2458 -0.0374
vn -0.0000 0.9886 0.1506
vn -0.0000 0.9880 -0.1547
vn -0.0000 0.4482 -0.8939
vn 0.9083 -0.4133 0.0647
vn -0.0000 -0.4482 0.8939
vn 0.9304 -0.3625 -0.0552
vn -0.0000 0.9800 0.1988
vn -0.0000 0.9474 -0.3201
vn -0.0000 -0.8606 0.5094
vn -0.9772 -0.1883 -0.0985
vn -0.2900 -0.9483 0.1288
vn -0.0042 -0.9980 0.0633
vn -0.2913 -0.8427 0.4528
vn -0.8596 -0.4427 0.2552
vn -0.0015 -0.9994 -0.0336
vn -0.0030 -1.0000 0.0042
vn -0.0049 -0.8976 0.4408
vn -0.0031 -0.8769 0.4806
vn -0.0015 -0.8646 0.5024
vn 0.9686 0.2458 0.0374
vn 0.9585 0.2817 -0.0441
vn -0.4110 0.8833 -0.2256
vn -0.4568 0.8756 0.1573
vn 0.8773 -0.4649 0.1188
vn 0.9014 -0.4261 -0.0765
vn 0.9304 0.3625 0.0552
vn 0.9083 0.4133 -0.0647
vn -0.9585 -0.2817 0.0441
vn -0.9686 -0.2458 -0.0374
vn -0.9083 -0.4133 0.0647
vn -0.9304 -0.3625 -0.0552
vn 0.7935 -0.2903 0.5349
vn 0.7335 0.3072 0.6063
vn 0.3918 0.1298 0.9109
vn 0.6379 -0.1629 0.7527
vn 0.3372 -0.1352 0.9317
vn -0.0386 -0.1113 0.9930
vn -0.0167 0.0069 0.9998
vn 0.4716 -0.4874 0.7348
vn 0.2913 -0.5765 0.7634
vn -0.0298 -0.4688 0.8828
vn 0.0497 -0.2944 0.9544
vn 0.0160 -0.2886 0.9573
vn 0.9027 0.4244 -0.0715
vn 0.9973 0.0210 -0.0697
vn 0.8941 -0.4344 0.1094
vn 0.7928 -0.5769 -0.1965
vn 0.7953 -0.6060 0.0184
vn 0.9424 0.3241 0.0827
vn 0.9736 -0.0677 0.2178
vn 0.9761 -0.2175 0.0035
vn 0.3856 -0.9226 -0.0114
vn 0.8346 0.5499 -0.0323
vn 0.9256 -0.3777 -0.0233
vn 0.5717 -0.6648 0.4809
vn 0.8860 -0.4636 0.0110
vn 0.9431 0.3126 0.1135
vn 0.3893 0.4280 0.8156
vn 0.9601 0.1096 0.2574
vn 0.9964 -0.0586 0.0621
vn 0.9915 -0.1192 -0.0514
vn 0.9608 -0.2582 -0.1006
vn 0.9896 0.1094 -0.0931
vn 0.9787 0.1414 -0.1490
vn 0.9887 0.1291 -0.0769
vn 0.9666 -0.0303 -0.2545
vn 0.8895 -0.0734 -0.4510
vn 0.9850 -0.1172 -0.1269
vn 0.9694 -0.1156 -0.2167
vn 0.5545 -0.8281 0.0831
vn 0.5360 -0.8442 -0.0006
vn 0.9957 0.0025 -0.0923
vn 0.9988 -0.0165 -0.0450
vn 0.9676 -0.2320 -0.0992
vn 0.9876 -0.1516 -0.0401
vn 0.9938 -0.0514 -0.0985
vn 0.9918 -0.0962 -0.0837
vn 0.9807 -0.0744 -0.1810
vn 0.9471 0.0024 -0.3210
vn 0.1127 -0.8948 0.4319
vn -0.1309 -0.9210 0.3669
vn -0.0921 -0.9942 0.0563
vn 0.6743 -0.2533 0.6937
vn 0.4100 -0.2138 0.8867
vn 0.2745 -0.0959 0.9568
vn 0.9933 -0.0760 0.0866
vn 0.9903 -0.0040 -0.1392
vn 0.9915 0.0032 -0.1300
vn 0.6913 0.0412 -0.7214
vn -0.0009 0.0970 -0.9953
vn -0.0036 0.0984 -0.9951
vn 0.9551 -0.2160 -0.2029
vn 0.9473 0.2264 -0.2264
vn 0.8914 0.1590 -0.4245
vn 0.8314 0.1359 -0.5389
vn -0.0764 -0.3233 -0.9432
vn -0.0064 -0.4887 -0.8724
vn -0.0000 0.3409 -0.9401
vn 0.0304 0.3651 -0.9305
vn -0.0039 -0.0512 -0.9987
vn 0.0031 0.1405 -0.9901
vn -0.0052 0.1473 -0.9891
vn 0.0012 -0.0579 -0.9983
vn 0.0231 -0.8440 0.5358
vn 0.0819 -0.8402 0.5361
vn 0.1248 -0.7842 0.6078
vn 0.0478 -0.8177 0.5737
vn 0.8910 -0.4531 0.0273
vn 0.8154 -0.5147 0.2650
vn 0.9198 -0.3923 0.0087
vn 0.7415 -0.5825 0.3330
vn 0.9218 -0.2842 0.2637
vn 0.9567 -0.2729 -0.1011
vn 0.5807 -0.8098 0.0840
vn 0.8281 -0.5460 -0.1270
vn 0.8963 -0.4331 -0.0950
vn 0.6576 -0.6910 -0.3003
vn 0.0599 -0.8487 -0.5255
vn 0.8793 -0.4558 -0.1380
vn 0.8983 -0.4347 -0.0645
vn -0.0000 -1.0000 -0.0000
vn 0.5241 -0.8498 0.0558
vn 0.0892 -0.9924 0.0850
vn 0.5088 -0.8351 0.2092
vn 0.6363 -0.7709 0.0295
vn 0.5878 -0.8090 -0.0030
vn 0.6479 -0.7617 0.0102
vn 0.6519 -0.7582 0.0083
vn 0.6205 -0.7840 -0.0194
vn 0.7013 -0.6930 0.1670
vn -0.0106 -0.8796 0.4757
vn 0.0132 -0.7147 0.6993
vn 0.0173 -0.7428 0.6693
vn -0.1797 -0.9686 -0.1716
vn -0.0000 -0.9596 -0.2815
vn -0.0083 -0.9887 0.1497
vn -0.2293 -0.9692 0.0901
vn -0.3831 -0.9149 -0.1272
vn -0.0192 -0.9993 -0.0310
vn 0.8209 -0.5703 0.0312
vn 0.9472 -0.2809 -0.1545
vn 0.9637 0.2464 -0.1025
vn 0.9559 0.2639 -0.1292
vn 0.9974 -0.0183 0.0700
vn 0.9366 -0.3477 -0.0431
vn 0.8706 -0.4500 -0.1990
vn 0.6635 -0.6938 -0.2801
vn 0.6489 -0.6920 -0.3164
vn 0.8889 -0.4577 0.0162
vn 0.3550 -0.8301 -0.4300
vn 0.0037 -0.7889 -0.6145
vn -0.0072 -0.8291 -0.5591
vn -0.1427 0.9898 0.0050
vn 0.3696 0.9292 0.0064
vn 0.8923 0.4513 0.0091
vn 0.9959 0.0895 0.0087
vn -0.0000 1.0000 0.0035
vn 0.0229 0.8268 -0.5620
vn -0.0000 0.7847 -0.6199
vn 0.1772 0.7977 -0.5764
vn 0.6855 0.6341 -0.3577
vn 0.9809 0.1943 -0.0063
vn -0.0770 0.8416 0.5345
vn -0.0000 0.8209 0.5711
vn 0.3267 0.7372 0.5914
vn 0.7425 0.4306 0.5131
vn 0.9099 0.2187 0.3525
vn 0.0063 -0.9895 0.1442
vn -0.0315 -0.9977 -0.0598
vn -0.0337 -0.9957 -0.0863
vn 0.0588 -0.9935 -0.0973
vn 0.0732 -0.8432 0.5325
vn -0.0069 -0.9852 0.1713
vn 0.0236 -0.9836 0.1789
vn 0.0027 -0.9981 0.0622
vn 0.0055 -0.9924 0.1232
vn -0.0235 -0.9973 0.0702
vn 0.0130 -0.9924 0.1227
vn 0.0360 -0.8832 0.4676
vn 0.0048 -0.9089 0.4170
vn 0.2059 -0.8941 0.3976
vn 0.0925 -0.9761 0.1965
vn 0.0111 -0.9998 0.0151
vn 0.0028 -0.9979 0.0650
vn 0.0008 -0.9977 0.0680
vn 0.0881 -0.9959 -0.0183
vn 0.0249 -0.9737 0.2265
vn 0.2726 -0.9605 0.0567
vn 0.1246 -0.9810 0.1490
vn 0.3421 -0.9320 0.1201
vn -0.2544 -0.9660 0.0460
vn 0.3598 -0.9259 0.1151
vn 0.0054 -0.9908 0.1355
vn 0.0054 -0.9924 0.1232
vn 0.1664 -0.9826 0.0820
vn 0.1118 -0.9872 0.1138
vn 0.0035 -0.9998 0.0180
vn 0.2356 -0.7659 0.5982
vn 0.9018 -0.4321 -0.0023
vn 0.1055 -0.9944 0.0105
vn 0.7168 -0.6972 -0.0054
vn 0.9100 -0.4130 0.0373
vn 0.8964 -0.4116 -0.1645
vn 0.8912 0.0206 -0.4531
vn 0.9643 0.2000 -0.1734
vn 0.0808 -0.1338 0.9877
vn 0.0004 -0.1915 0.9815
vn 0.0039 -0.1987 0.9801
vn 0.2742 0.1339 0.9523
vn -0.0000 -0.0211 0.9998
vn 0.0004 -0.0208 0.9998
vn -0.0081 0.3354 0.9420
vn -0.0066 0.3122 0.9500
vn 0.1539 -0.2420 0.9580
vn 0.1453 0.2420 0.9593
vn 0.3389 -0.2953 0.8933
vn -0.0031 -0.4887 -0.8724
vn -0.0397 -0.3284 -0.9437
vn 0.9400 -0.2283 -0.2534
vn 0.8596 -0.5110 -0.0053
vn 0.2961 -0.9540 0.0469
vn 0.5576 -0.8289 -0.0460
vn 0.5334 -0.8454 -0.0292
vn 0.9923 -0.0718 -0.1009
vn 0.9768 -0.0574 -0.2065
vn 0.1614 0.0511 0.9856
vn -0.4200 0.1508 0.8949
vn -0.1688 0.0152 0.9855
vn -0.4032 -0.1285 0.9060
vn 0.2161 0.6227 0.7520
vn 0.7610 0.4826 0.4335
vn 0.6008 -0.6959 0.3934
vn 0.1295 -0.9916 0.0043
vn 0.2025 -0.9791 -0.0181
vn 0.4575 -0.8719 0.1746
vn 0.3573 -0.9322 -0.0575
vn 0.2427 0.2529 0.9366
vn 0.5510 -0.0769 0.8310
vn 0.4473 -0.0780 0.8910
vn 0.4331 -0.0879 0.8971
vn 0.6466 -0.0742 0.7592
vn 0.9992 0.0014 -0.0394
vn 0.9978 0.0657 0.0105
vn 0.9937 -0.0797 -0.0792
vn 0.9931 -0.1043 -0.0532
vn 0.0380 0.0042 0.9993
vn 0.9939 -0.0559 0.0948
vn 0.7524 0.0425 0.6574
vn 0.7866 -0.4999 0.3625
vn 0.1506 0.2705 -0.9509
vn -0.0000 0.2736 -0.9618
vn 0.5497 0.2285 -0.8035
vn 0.0764 0.2813 -0.9566
vn 0.9987 -0.0475 -0.0182
vn 0.9979 -0.0564 -0.0311
vn 0.9989 -0.0242 -0.0391
vn 0.9996 -0.0269 -0.0032
vn 0.9883 -0.1471 -0.0398
vn 0.9911 -0.1333 0.0055
vn 0.9948 -0.1020 -0.0024
vn 0.9983 -0.0410 0.0423
vn 0.9897 -0.1414 0.0237
vn 0.8433 -0.5373 0.0139
vn 0.8943 -0.4474 0.0059
vn 0.9342 -0.3563 0.0166
vn 0.9504 0.0738 -0.3023
vn 0.9771 -0.0280 -0.2110
vn 0.9722 -0.0982 -0.2125
vn 0.9970 -0.0277 -0.0720
vn 0.9798 -0.1960 -0.0398
vn 0.9791 -0.0253 -0.2019
vn 0.9306 0.3638 0.0406
vn 0.8887 0.4585 -0.0051
vn 0.9477 0.3161 -0.0447
vn 0.8471 -0.0743 0.5261
vn 0.9261 -0.1072 -0.3617
vn 0.9050 0.4167 0.0861
vn 0.9484 -0.3171 0.0061
vn 0.9715 -0.2356 0.0242
vn 0.7052 -0.5980 0.3809
vn 0.7097 -0.7044 -0.0115
vn 0.8107 -0.1932 -0.5527
vn 0.9112 0.4105 -0.0345
vn 0.6750 -0.5858 0.4486
vn 0.6989 -0.7135 0.0496
vn 0.0217 -0.8206 0.5711
vn 0.0459 -0.8155 0.5770
vn -0.0464 -0.8001 0.5981
vn 0.2124 -0.7792 0.5897
vn 0.5307 -0.6955 0.4844
vn 0.5295 -0.7300 0.4321
vn 0.2168 -0.5135 0.8302
vn 0.1109 -0.5774 0.8089
vn -0.0815 -0.9845 0.1554
vn 0.0062 -0.9701 0.2427
vn 0.0089 -0.9711 0.2385
vn 0.0344 -0.5945 0.8034
vn 0.1100 -0.5593 0.8217
vn 0.9570 -0.2889 0.0252
vn 0.9455 -0.3192 0.0645
vn 0.8069 -0.2161 0.5498
vn 0.6982 -0.7158 -0.0153
vn 0.7057 -0.7014 -0.1000
vn 0.9391 0.3413 0.0389
vn 0.7176 -0.6215 -0.3142
vn 0.7303 -0.6204 -0.2858
vn -0.1561 -0.8722 -0.4636
vn -0.0436 -0.8840 -0.4654
vn 0.0017 -0.8839 -0.4677
vn 0.0549 -0.4527 -0.8900
vn 0.4485 -0.7989 -0.4008
vn 0.4160 -0.8468 -0.3313
vn -0.0117 -0.9999 0.0107
vn -0.0008 -0.9946 0.1038
vn -0.0001 -1.0000 -0.0057
vn -0.0000 -1.0000 -0.0057
vn 0.0042 -1.0000 -0.0029
vn 0.0259 -0.9997 -0.0033
vn 0.0153 -0.9999 -0.0031
vn 0.0095 -1.0000 -0.0030
vn -0.9316 0.0535 0.3594
vn 0.9603 -0.0732 0.2693
vn -0.9228 -0.1375 0.3598
vn 0.9611 -0.0605 0.2695
vn 0.9748 -0.0480 0.2180
vn 0.3382 -0.8018 0.4927
vn 0.2275 0.0556 0.9722
vn 0.2691 -0.2191 0.9379
vn 0.2736 0.0503 0.9605
vn 0.3563 0.1371 0.9242
vn 0.3256 -0.0029 0.9455
vn 0.3047 0.0143 0.9524
vn 0.3924 -0.0414 0.9188
vn 0.3137 0.0138 0.9494
vn 0.3087 0.0467 0.9500
vn 0.2972 -0.1736 0.9389
vn 0.2607 -0.0574 0.9637
vn 0.2865 -0.0612 0.9561
vn 0.2881 0.0477 0.9564
vn 0.3228 0.0137 0.9464
vn 0.9607 -0.0535 0.2723
vn -0.9570 0.0170 0.2897
vn -0.9314 0.0623 0.3585
vn 0.1216 0.8523 0.5088
vn 0.9716 -0.0175 0.2358
vn -0.9244 0.2234 0.3092
vn 0.9859 -0.0404 0.1627
vn 0.0812 -0.9966 -0.0122
vn 0.4180 0.0404 0.9075
vn 0.7364 0.0972 0.6695
vn 0.2540 0.7260 0.6391
vn 0.3024 -0.7621 0.5724
vn 0.7414 0.0215 0.6708
vn 0.3196 -0.7529 0.5753
vn 0.3243 -0.7534 0.5721
vn -0.0958 -0.1001 0.9904
vn 0.1784 0.7213 0.6693
vn -0.1517 0.3613 0.9200
vn 0.0026 -0.5225 0.8526
vn 0.0028 -0.4419 0.8971
vn 0.1797 -0.3326 0.9258
vn -0.7916 0.2910 -0.5373
vn -0.7327 -0.3047 -0.6085
vn -0.3915 -0.1294 -0.9110
vn -0.6332 0.1641 -0.7564
vn -0.3365 0.1362 -0.9318
vn 0.0386 0.1106 -0.9931
vn 0.0164 -0.0047 -0.9999
vn -0.4664 0.4883 -0.7376
vn -0.2906 0.5747 -0.7650
vn 0.0312 0.4702 -0.8820
vn -0.0496 0.2938 -0.9546
vn -0.0162 0.2878 -0.9575
vn -0.9013 -0.4276 0.0702
vn -0.9973 -0.0217 0.0703
vn -0.8951 0.4321 -0.1095
vn -0.7604 0.6121 0.2169
vn -0.8050 0.5931 -0.0154
vn -0.9447 -0.3190 -0.0756
vn -0.9727 0.0657 -0.2227
vn -0.9792 0.2025 -0.0135
vn -0.3792 0.9252 0.0120
vn -0.8467 -0.5308 0.0377
vn -0.9273 0.3737 0.0230
vn -0.5792 0.6567 -0.4830
vn -0.8830 0.4692 -0.0100
vn -0.9543 -0.2751 -0.1164
vn -0.3998 -0.3767 -0.8356
vn -0.9657 -0.1114 -0.2344
vn -0.9980 0.0528 -0.0339
vn -0.9931 0.1003 0.0612
vn -0.9628 0.2485 0.1064
vn -0.9896 -0.1096 0.0930
vn -0.9786 -0.1416 0.1491
vn -0.9886 -0.1294 0.0764
vn -0.9666 0.0304 0.2546
vn -0.8895 0.0732 0.4511
vn -0.9850 0.1172 0.1268
vn -0.9695 0.1157 0.2162
vn -0.5426 0.8355 -0.0868
vn -0.5310 0.8474 0.0021
vn -0.9955 -0.0166 0.0932
vn -0.9989 0.0041 0.0458
vn -0.9678 0.2314 0.0989
vn -0.9876 0.1516 0.0400
vn -0.9938 0.0515 0.0986
vn -0.9913 0.0971 0.0890
vn -0.9807 0.0746 0.1809
vn -0.9472 -0.0019 0.3206
vn -0.1142 0.8968 -0.4274
vn 0.1254 0.9276 -0.3518
vn 0.0932 0.9941 -0.0547
vn -0.6788 0.2216 -0.7001
vn -0.4114 0.2105 -0.8868
vn -0.2456 0.0924 -0.9649
vn -0.9932 0.0767 -0.0877
vn -0.9900 -0.0045 0.1410
vn -0.9916 -0.0016 0.1296
vn -0.6942 -0.0418 0.7186
vn 0.0038 -0.0972 0.9953
vn 0.0036 -0.0984 0.9951
vn -0.9628 0.2111 0.1688
vn -0.9559 -0.2248 0.1889
vn -0.8991 -0.1513 0.4109
vn -0.8375 -0.1360 0.5292
vn 0.0747 0.2891 0.9544
vn 0.0051 0.4329 0.9015
vn -0.0003 -0.3486 0.9373
vn -0.0249 -0.3716 0.9281
vn 0.0099 0.0459 0.9989
vn 0.0004 -0.1411 0.9900
vn 0.0052 -0.1477 0.9890
vn -0.0011 0.0560 0.9984
vn -0.0226 0.8453 -0.5338
vn -0.0812 0.8428 -0.5320
vn -0.1236 0.7895 -0.6012
vn 0.0188 0.8111 -0.5846
vn -0.8942 0.4471 -0.0212
vn -0.8172 0.5136 -0.2616
vn -0.9213 0.3888 -0.0088
vn -0.7471 0.5777 -0.3288
vn -0.9240 0.2830 -0.2571
vn -0.9574 0.2723 0.0961
vn -0.5500 0.8310 -0.0833
vn -0.8269 0.5480 0.1266
vn -0.8975 0.4312 0.0927
vn -0.6667 0.6848 0.2942
vn -0.0415 0.8516 0.5226
vn -0.8815 0.4524 0.1357
vn -0.8977 0.4357 0.0652
vn 0.0001 0.9997 -0.0251
vn 0.0003 0.9998 -0.0192
vn 0.0047 0.9997 -0.0220
vn 0.0588 0.9982 -0.0104
vn -0.5323 0.8447 -0.0560
vn -0.0768 0.9937 -0.0821
vn 0.0001 1.0000 0.0001
vn -0.0000 1.0000 -0.0000
vn -0.5134 0.8320 -0.2104
vn -0.6453 0.7634 -0.0296
vn -0.5925 0.8056 0.0025
vn -0.6539 0.7564 -0.0127
vn -0.6567 0.7541 -0.0050
vn -0.6252 0.7802 0.0200
vn -0.7167 0.6765 -0.1694
vn 0.0146 0.8801 -0.4746
vn -0.0121 0.7078 -0.7063
vn -0.0178 0.7372 -0.6754
vn 0.1798 0.9683 0.1732
vn 0.0001 0.9602 0.2792
vn 0.0089 0.9839 -0.1786
vn 0.2313 0.9640 -0.1308
vn 0.4390 0.8856 0.1514
vn 0.0191 0.9991 0.0366
vn -0.8204 0.5708 -0.0344
vn -0.9442 0.2924 0.1517
vn -0.9690 -0.2271 0.0974
vn -0.9582 -0.2499 0.1395
vn -0.9970 0.0274 -0.0720
vn -0.9366 0.3475 0.0440
vn -0.8791 0.4377 0.1890
vn -0.6734 0.6866 0.2740
vn -0.6644 0.6765 0.3176
vn -0.8995 0.4368 -0.0136
vn -0.3459 0.8332 0.4315
vn -0.0036 0.7906 0.6123
vn 0.0069 0.8286 0.5599
vn 0.2148 -0.9766 -0.0048
vn -0.3712 -0.9285 -0.0069
vn -0.8864 -0.4629 -0.0089
vn -0.9954 -0.0958 -0.0092
vn -0.0042 -1.0000 -0.0035
vn 0.0292 -0.8287 0.5589
vn -0.0008 -0.7852 0.6192
vn -0.1820 -0.7977 0.5749
vn -0.6829 -0.6351 0.3610
vn -0.9798 -0.1992 0.0193
vn 0.1756 -0.8359 -0.5201
vn -0.0027 -0.8219 -0.5696
vn -0.3306 -0.7371 -0.5894
vn -0.7424 -0.4322 -0.5119
vn -0.9100 -0.2190 -0.3521
vn -0.0068 0.9886 -0.1504
vn 0.0263 0.9990 0.0364
vn 0.0306 0.9975 0.0632
vn -0.0613 0.9951 0.0772
vn -0.0722 0.8458 -0.5286
vn 0.0070 0.9852 -0.1710
vn -0.0236 0.9836 -0.1786
vn -0.0028 0.9981 -0.0622
vn -0.0055 0.9924 -0.1231
vn 0.0241 0.9972 -0.0701
vn -0.0128 0.9923 -0.1231
vn -0.0369 0.9062 -0.4213
vn -0.0019 0.9212 -0.3890
vn -0.1997 0.8973 -0.3937
vn -0.0932 0.9759 -0.1975
vn -0.0045 0.9999 -0.0140
vn 0.0160 0.9976 -0.0680
vn 0.0257 0.9973 -0.0686
vn -0.0561 0.9984 -0.0060
vn 0.0028 0.9734 -0.2291
vn -0.2743 0.9600 -0.0569
vn -0.1249 0.9809 -0.1491
vn -0.3448 0.9310 -0.1201
vn 0.2460 0.9681 -0.0474
vn -0.3638 0.9247 -0.1123
vn -0.0048 0.9908 -0.1354
vn -0.0055 0.9924 -0.1232
vn -0.1663 0.9827 -0.0820
vn -0.1120 0.9872 -0.1139
vn -0.0038 0.9998 -0.0179
vn -0.2363 0.7584 -0.6074
vn -0.8940 0.4480 -0.0001
vn -0.0904 0.9959 -0.0070
vn -0.6679 0.7443 0.0036
vn -0.9164 0.3987 -0.0365
vn -0.8974 0.4077 0.1686
vn -0.8911 -0.0220 0.4533
vn -0.9654 -0.1917 0.1769
vn -0.0835 0.0580 -0.9948
vn -0.0006 0.1384 -0.9904
vn -0.0019 0.1496 -0.9887
vn -0.2752 -0.1369 -0.9516
vn 0.0001 0.0225 -0.9997
vn -0.0005 0.0221 -0.9998
vn 0.0084 -0.3353 -0.9421
vn 0.0072 -0.3114 -0.9502
vn -0.1534 0.2395 -0.9587
vn -0.1436 -0.2419 -0.9596
vn -0.3385 0.2884 -0.8957
vn 0.0037 0.5220 0.8529
vn 0.0496 0.3433 0.9379
vn -0.9587 0.1627 0.2334
vn -0.8730 0.4876 0.0075
vn -0.2995 0.9531 -0.0433
vn -0.5555 0.8300 0.0496
vn -0.5413 0.8405 0.0230
vn -0.9930 0.0606 0.1018
vn -0.9764 0.0470 0.2106
vn -0.0511 -0.0326 -0.9982
vn 0.6540 -0.2092 -0.7270
vn 0.3700 -0.0192 -0.9288
vn 0.5865 0.0948 -0.8044
vn -0.1496 -0.7974 -0.5846
vn -0.7622 -0.4821 -0.4321
vn -0.5821 0.7055 -0.4042
vn -0.1456 0.9893 -0.0061
vn -0.2247 0.9742 0.0204
vn -0.4776 0.8608 -0.1758
vn -0.3933 0.9175 0.0598
vn -0.2576 -0.2391 -0.9362
vn -0.6076 0.0751 -0.7907
vn -0.5221 0.0780 -0.8493
vn -0.5131 0.0894 -0.8536
vn -0.6798 0.0868 -0.7282
vn -0.9991 -0.0046 0.0423
vn -0.9980 -0.0631 -0.0088
vn -0.9937 0.0792 0.0792
vn -0.9930 0.1049 0.0534
vn 0.1531 -0.0116 -0.9881
vn -0.9962 0.0524 -0.0694
vn -0.7615 -0.0544 -0.6458
vn -0.7848 0.5006 -0.3654
vn -0.1707 -0.2786 0.9451
vn -0.0001 -0.2773 0.9608
vn -0.5523 -0.2313 0.8009
vn -0.0057 -0.2795 0.9601
vn -0.0152 -0.2763 0.9610
vn -0.9986 0.0487 0.0181
vn -0.9978 0.0581 0.0312
vn -0.9989 0.0242 0.0391
vn -0.9996 0.0268 0.0031
vn -0.9884 0.1464 0.0399
vn -0.9911 0.1332 -0.0054
vn -0.9946 0.1039 0.0025
vn -0.9983 0.0411 -0.0413
vn -0.9899 0.1400 -0.0233
vn -0.8418 0.5395 -0.0142
vn -0.8935 0.4490 -0.0062
vn -0.9336 0.3580 -0.0168
vn -0.9585 -0.0582 0.2792
vn -0.9799 0.0278 0.1973
vn -0.9748 0.0987 0.2001
vn -0.9971 0.0323 0.0688
vn -0.9796 0.1972 0.0391
vn -0.9808 0.0225 0.1937
vn -0.9272 -0.3723 -0.0420
vn -0.8965 -0.4429 0.0048
vn -0.9602 -0.2763 0.0399
vn -0.8418 0.0699 -0.5353
vn -0.9239 0.1150 0.3649
vn -0.9116 -0.3997 -0.0963
vn -0.9483 0.3173 -0.0065
vn -0.9714 0.2364 -0.0240
vn -0.6873 0.6087 -0.3965
vn -0.6568 0.7540 0.0111
vn -0.8659 0.2113 0.4534
vn -0.9622 -0.2708 0.0308
vn -0.6162 0.6066 -0.5024
vn -0.6739 0.7372 -0.0489
vn -0.0217 0.8205 -0.5712
vn -0.0457 0.8154 -0.5771
vn 0.0477 0.8000 -0.5982
vn -0.2127 0.7791 -0.5897
vn -0.5568 0.6858 -0.4686
vn -0.5134 0.7385 -0.4370
vn -0.2133 0.5199 -0.8272
vn -0.1108 0.5806 -0.8066
vn 0.0871 0.9783 -0.1882
vn -0.0069 0.9681 -0.2503
vn -0.0092 0.9679 -0.2510
vn -0.0343 0.5980 -0.8008
vn -0.1106 0.5631 -0.8189
vn -0.9570 0.2891 -0.0249
vn -0.9454 0.3195 -0.0642
vn -0.8440 0.2258 -0.4864
vn -0.6677 0.7443 0.0167
vn -0.6970 0.7093 0.1056
vn -0.9906 -0.1244 -0.0570
vn -0.6803 0.6432 0.3515
vn -0.7248 0.6245 0.2908
vn 0.1652 0.8706 0.4635
vn 0.0447 0.8839 0.4656
vn -0.0017 0.8837 0.4680
vn -0.0133 0.6415 0.7670
vn -0.4187 0.8116 0.4074
vn -0.4283 0.8420 0.3280
vn 0.0147 0.9996 0.0253
vn 0.0008 0.9969 -0.0785
vn 0.0001 1.0000 0.0057
vn -0.0000 1.0000 0.0057
vn -0.0041 1.0000 0.0029
vn -0.0260 0.9996 0.0049
vn -0.0153 0.9999 0.0031
vn -0.0095 1.0000 0.0030
vn -0.0004 1.0000 0.0078
vn 0.0002 1.0000 0.0081
vn 0.0206 0.9998 0.0013
vn 0.0226 0.9997 0.0001
vn 0.0215 0.9998 -0.0008
vn 0.0180 0.9998 0.0018
vn 0.9756 -0.0592 -0.2113
vn -0.9842 0.0673 -0.1635
vn 0.9810 0.1720 -0.0903
vn -0.9855 0.0534 -0.1612
vn -0.9831 0.0351 -0.1795
vn -0.3269 0.8222 -0.4660
vn -0.4647 -0.0616 0.8833
vn -0.6450 0.0241 0.7638
vn -0.7919 -0.0696 0.6067
vn -0.2695 -0.1160 -0.9560
vn -0.8076 0.0629 -0.5863
vn -0.3570 0.2089 -0.9104
vn 0.9911 -0.0317 0.1297
vn 0.9384 -0.0619 0.3400
vn 0.9025 -0.0824 0.4228
vn 0.9784 -0.0525 0.2000
vn -0.5188 0.0195 0.8547
vn -0.1006 0.0496 -0.9937
vn -0.4849 -0.0025 -0.8746
vn -0.2995 -0.0506 -0.9527
vn -0.2869 0.1762 -0.9416
vn -0.2521 0.0553 -0.9661
vn -0.2769 0.0625 -0.9589
vn -0.2779 -0.0494 -0.9593
vn -0.3157 -0.0080 -0.9488
vn -0.9842 0.0448 -0.1713
vn 0.9752 -0.0295 -0.2195
vn 0.9791 -0.0673 -0.1918
vn -0.1145 -0.8780 -0.4648
vn -0.9917 -0.0082 -0.1286
vn 0.9672 -0.2366 -0.0926
vn -0.9901 0.0669 -0.1232
vn 0.0228 0.9997 -0.0015
vn -0.0657 0.9978 0.0120
vn -0.4177 -0.0425 -0.9076
vn -0.7395 -0.0851 -0.6678
vn -0.2636 -0.6806 -0.6836
vn -0.2806 0.8053 -0.5223
vn -0.7483 -0.0340 -0.6625
vn -0.2939 0.7968 -0.5279
vn -0.3043 0.7710 -0.5594
vn 0.0955 0.0345 -0.9948
vn -0.2043 -0.6797 -0.7044
vn 0.1360 -0.3591 -0.9233
vn -0.0023 0.5209 -0.8536
vn -0.0028 0.4408 -0.8976
vn -0.1820 0.3337 -0.9250
vn 1.0000 -0.0000 -0.0000
vn -0.0162 0.8968 0.4421
vn 0.0028 0.9512 0.3087
vn 0.0231 -0.0256 0.9994
vn -0.1104 0.3043 0.9462
vn 0.0904 -0.2583 -0.9618
vn -0.0687 0.9962 0.0541
vn 0.2173 0.9687 -0.1199
vn 0.1997 0.9670 0.1585
vn 0.0985 0.4713 0.8764
vn 0.1068 0.0417 0.9934
vn 0.1113 -0.0328 0.9932
vn -0.1134 0.9928 -0.0390
vn -0.1565 0.4678 -0.8698
vn -0.1802 0.6681 -0.7219
vn -0.1029 0.9860 -0.1311
vn -0.0503 0.9750 -0.2163
vn -0.2076 0.8664 -0.4542
vn -0.0068 0.9571 0.2898
vn 0.2064 0.9108 0.3576
vn -0.2029 0.9704 -0.1309
vn -0.0102 0.9962 0.0869
vn -0.0433 0.9942 0.0980
vn -0.1565 0.9877 0.0017
vn -0.2780 0.9361 -0.2153
vn -0.0145 0.6313 -0.7754
vn 0.0058 0.5743 -0.8187
vn 0.2685 0.5307 -0.8039
vn 0.4125 0.2874 -0.8644
vn -0.2795 0.9053 0.3200
vn 0.4541 -0.3504 -0.8192
vn 0.0070 -0.0629 0.9980
vn 0.9025 0.3731 -0.2152
vn 0.9142 0.3580 0.1900
vn 0.9708 0.2392 -0.0167
vn 0.9586 0.2846 0.0102
vn 0.5183 0.8505 -0.0892
vn -0.1780 0.9777 0.1117
vn -0.0220 0.9482 0.3170
vn -0.0241 -0.1778 -0.9838
vn -0.0207 -0.0435 -0.9988
vn -0.0147 0.4809 -0.8767
vn 0.0597 0.7441 -0.6654
vn 0.0004 0.9611 0.2762
vn -0.0000 0.9618 0.2736
vn 0.4422 0.8207 0.3618
vn 0.7649 0.3341 0.5507
vn -0.7451 0.1935 -0.6383
vn -0.6098 0.7277 -0.3142
vn -0.0054 -0.0499 0.9987
vn -0.7935 -0.2903 0.5349
vn -0.7335 0.3072 0.6063
vn -0.3918 0.1298 0.9109
vn -0.6379 -0.1629 0.7527
vn -0.3372 -0.1352 0.9317
vn 0.0386 -0.1113 0.9930
vn 0.0167 0.0069 0.9998
vn -0.4716 -0.4874 0.7348
vn -0.2913 -0.5765 0.7634
vn 0.0298 -0.4688 0.8828
vn -0.0497 -0.2944 0.9544
vn -0.0160 -0.2886 0.9573
vn -0.9027 0.4244 -0.0715
vn -0.9973 0.0210 -0.0697
vn -0.8941 -0.4344 0.1094
vn -0.7928 -0.5769 -0.1965
vn -0.7953 -0.6060 0.0184
vn -0.9424 0.3241 0.0827
vn -0.9736 -0.0677 0.2178
vn -0.9761 -0.2175 0.0035
vn -0.3856 -0.9226 -0.0114
vn -0.8346 0.5499 -0.0323
vn -0.9256 -0.3777 -0.0233
vn -0.5717 -0.6648 0.4809
vn -0.8860 -0.4636 0.0110
vn -0.9431 0.3126 0.1135
vn -0.3893 0.4280 0.8156
vn -0.9601 0.1096 0.2574
vn -0.9964 -0.0586 0.0621
vn -0.9915 -0.1192 -0.0514
vn -0.9608 -0.2582 -0.1006
vn -0.9896 0.1094 -0.0931
vn -0.9787 0.1414 -0.1490
vn -0.9887 0.1291 -0.0769
vn -0.9666 -0.0303 -0.2545
vn -0.8895 -0.0734 -0.4510
vn -0.9850 -0.1172 -0.1269
vn -0.9694 -0.1156 -0.2167
vn -0.5545 -0.8281 0.0831
vn -0.5360 -0.8442 -0.0006
vn -0.9957 0.0025 -0.0923
vn -0.9988 -0.0165 -0.0450
vn -0.9676 -0.2320 -0.0992
vn -0.9876 -0.1516 -0.0401
vn -0.9938 -0.0514 -0.0985
vn -0.9918 -0.0962 -0.0837
vn -0.9807 -0.0744 -0.1810
vn -0.9471 0.0024 -0.3210
vn -0.1127 -0.8948 0.4319
vn 0.1309 -0.9210 0.3669
vn 0.0921 -0.9942 0.0563
vn -0.6743 -0.2533 0.6937
vn -0.4100 -0.2138 0.8867
vn -0.2745 -0.0959 0.9568
vn -0.9933 -0.0760 0.0866
vn -0.9903 -0.0040 -0.1392
vn -0.9915 0.0032 -0.1300
vn -0.6913 0.0412 -0.7214
vn 0.0009 0.0970 -0.9953
vn 0.0036 0.0984 -0.9951
vn -0.9551 -0.2160 -0.2029
vn -0.9473 0.2264 -0.2264
vn -0.8914 0.1590 -0.4245
vn -0.8313 0.1359 -0.5389
vn 0.0764 -0.3233 -0.9432
vn 0.0064 -0.4887 -0.8724
vn -0.0304 0.3651 -0.9305
vn 0.0039 -0.0512 -0.9987
vn -0.0031 0.1405 -0.9901
vn 0.0052 0.1473 -0.9891
vn -0.0012 -0.0579 -0.9983
vn -0.0231 -0.8440 0.5358
vn -0.0819 -0.8402 0.5361
vn -0.1248 -0.7842 0.6078
vn -0.0478 -0.8177 0.5737
vn -0.8910 -0.4531 0.0273
vn -0.8154 -0.5147 0.2650
vn -0.9198 -0.3923 0.0087
vn -0.7415 -0.5825 0.3330
vn -0.9218 -0.2842 0.2637
vn -0.9567 -0.2729 -0.1011
vn -0.5807 -0.8098 0.0840
vn -0.8281 -0.5460 -0.1270
vn -0.8963 -0.4331 -0.0950
vn -0.6576 -0.6910 -0.3003
vn -0.0599 -0.8487 -0.5255
vn -0.8793 -0.4558 -0.1380
vn -0.8983 -0.4347 -0.0645
vn -0.5241 -0.8498 0.0558
vn -0.0892 -0.9924 0.0850
vn -0.5088 -0.8351 0.2092
vn -0.6363 -0.7709 0.0295
vn -0.5878 -0.8090 -0.0030
vn -0.6479 -0.7617 0.0102
vn -0.6519 -0.7582 0.0083
vn -0.6205 -0.7840 -0.0194
vn -0.7013 -0.6930 0.1670
vn 0.0106 -0.8796 0.4757
vn -0.0132 -0.7147 0.6993
vn -0.0173 -0.7428 0.6693
vn 0.1797 -0.9686 -0.1716
vn 0.0083 -0.9887 0.1497
vn 0.2293 -0.9692 0.0901
vn 0.3831 -0.9149 -0.1272
vn 0.0192 -0.9993 -0.0310
vn -0.8209 -0.5703 0.0312
vn -0.9472 -0.2809 -0.1545
vn -0.9637 0.2464 -0.1025
vn -0.9559 0.2639 -0.1292
vn -0.9974 -0.0183 0.0700
vn -0.9366 -0.3477 -0.0431
vn -0.8706 -0.4500 -0.1990
vn -0.6635 -0.6938 -0.2801
vn -0.6489 -0.6920 -0.3164
vn -0.8889 -0.4577 0.0162
vn -0.3550 -0.8301 -0.4300
vn -0.0037 -0.7889 -0.6145
vn 0.0072 -0.8291 -0.5591
vn 0.1427 0.9898 0.0050
vn -0.3696 0.9292 0.0064
vn -0.8923 0.4513 0.0091
vn -0.9959 0.0895 0.0087
vn -0.0229 0.8268 -0.5620
vn -0.1772 0.7977 -0.5764
vn -0.6855 0.6341 -0.3577
vn -0.9809 0.1943 -0.0063
vn 0.0770 0.8416 0.5345
vn -0.3267 0.7372 0.5914
vn -0.7425 0.4306 0.5131
vn -0.9099 0.2187 0.3525
vn -0.0063 -0.9895 0.1442
vn 0.0315 -0.9977 -0.0598
vn 0.0337 -0.9957 -0.0863
vn -0.0588 -0.9935 -0.0973
vn -0.0732 -0.8432 0.5325
vn 0.0069 -0.9852 0.1713
vn -0.0236 -0.9836 0.1789
vn -0.0027 -0.9981 0.0622
vn -0.0055 -0.9924 0.1232
vn 0.0235 -0.9973 0.0702
vn -0.0130 -0.9924 0.1227
vn -0.0360 -0.8832 0.4676
vn -0.0048 -0.9089 0.4170
vn -0.2059 -0.8941 0.3976
vn -0.0925 -0.9761 0.1965
vn -0.0111 -0.9998 0.0151
vn -0.0028 -0.9979 0.0650
vn -0.0008 -0.9977 0.0680
vn -0.0881 -0.9959 -0.0183
vn -0.0249 -0.9737 0.2265
vn -0.2726 -0.9605 0.0567
vn -0.1246 -0.9810 0.1490
vn -0.3421 -0.9320 0.1201
vn 0.2544 -0.9660 0.0460
vn -0.3598 -0.9259 0.1151
vn -0.0054 -0.9908 0.1355
vn -0.0054 -0.9924 0.1232
vn -0.1664 -0.9826 0.0820
vn -0.1118 -0.9872 0.1138
vn -0.0035 -0.9998 0.0180
vn -0.2356 -0.7659 0.5982
vn -0.9018 -0.4321 -0.0023
vn -0.1055 -0.9944 0.0105
vn -0.7168 -0.6972 -0.0054
vn -0.9100 -0.4130 0.0373
vn -0.8964 -0.4116 -0.1645
vn -0.8912 0.0206 -0.4531
vn -0.9643 0.2000 -0.1734
vn -0.0808 -0.1338 0.9877
vn -0.0004 -0.1915 0.9815
vn -0.0039 -0.1987 0.9801
vn -0.2742 0.1339 0.9523
vn -0.0004 -0.0208 0.9998
vn 0.0081 0.3354 0.9420
vn 0.0066 0.3122 0.9500
vn -0.1539 -0.2420 0.9580
vn -0.1453 0.2420 0.9593
vn -0.3389 -0.2953 0.8933
vn 0.0031 -0.4887 -0.8724
vn 0.0397 -0.3284 -0.9437
vn -0.9400 -0.2283 -0.2534
vn -0.8596 -0.5110 -0.0053
vn -0.2961 -0.9540 0.0469
vn -0.5576 -0.8289 -0.0460
vn -0.5334 -0.8454 -0.0292
vn -0.9923 -0.0718 -0.1009
vn -0.9768 -0.0574 -0.2065
vn -0.1614 0.0511 0.9856
vn 0.4200 0.1508 0.8949
vn 0.1688 0.0152 0.9855
vn 0.4032 -0.1285 0.9060
vn -0.2161 0.6227 0.7520
vn -0.7610 0.4826 0.4335
vn -0.6008 -0.6959 0.3934
vn -0.1295 -0.9916 0.0043
vn -0.2025 -0.9791 -0.0181
vn -0.4575 -0.8719 0.1746
vn -0.3573 -0.9322 -0.0575
vn -0.2427 0.2529 0.9366
vn -0.5510 -0.0769 0.8310
vn -0.4473 -0.0780 0.8910
vn -0.4331 -0.0879 0.8971
vn -0.6466 -0.0742 0.7592
vn -0.9992 0.0014 -0.0394
vn -0.9978 0.0657 0.0105
vn -0.9937 -0.0797 -0.0792
vn -0.9931 -0.1043 -0.0532
vn -0.0380 0.0042 0.9993
vn -0.9939 -0.0559 0.0948
vn -0.7524 0.0425 0.6574
vn -0.7866 -0.4999 0.3625
vn -0.1506 0.2705 -0.9509
vn -0.5497 0.2285 -0.8035
vn -0.0764 0.2813 -0.9566
vn -0.9987 -0.0475 -0.0182
vn -0.9979 -0.0564 -0.0311
vn -0.9989 -0.0242 -0.0391
vn -0.9996 -0.0269 -0.0032
vn -0.9883 -0.1471 -0.0398
vn -0.9911 -0.1333 0.0055
vn -0.9948 -0.1020 -0.0024
vn -0.9983 -0.0410 0.0423
vn -0.9897 -0.1414 0.0237
vn -0.8433 -0.5373 0.0139
vn -0.8943 -0.4474 0.0059
vn -0.9342 -0.3563 0.0166
vn -0.9504 0.0738 -0.3023
vn -0.9771 -0.0280 -0.2110
vn -0.9722 -0.0982 -0.2125
vn -0.9970 -0.0277 -0.0720
vn -0.9798 -0.1960 -0.0398
vn -0.9791 -0.0253 -0.2019
vn -0.9306 0.3638 0.0406
vn -0.8887 0.4585 -0.0051
vn -0.9477 0.3161 -0.0447
vn -0.8471 -0.0743 0.5261
vn -0.9261 -0.1072 -0.3617
vn -0.9050 0.4167 0.0861
vn -0.9484 -0.3171 0.0061
vn -0.9715 -0.2356 0.0242
vn -0.7052 -0.5980 0.3809
vn -0.7097 -0.7044 -0.0115
vn -0.8107 -0.1932 -0.5527
vn -0.9112 0.4106 -0.0345
vn -0.6750 -0.5858 0.4486
vn -0.6989 -0.7135 0.0496
vn -0.0217 -0.8206 0.5711
vn -0.0459 -0.8155 0.5770
vn 0.0464 -0.8001 0.5981
vn -0.2124 -0.7792 0.5897
vn -0.5307 -0.6955 0.4844
vn -0.5295 -0.7300 0.4321
vn -0.2168 -0.5135 0.8302
vn -0.1109 -0.5774 0.8089
vn 0.0815 -0.9845 0.1554
vn -0.0062 -0.9701 0.2427
vn -0.0089 -0.9711 0.2385
vn -0.0344 -0.5945 0.8034
vn -0.1100 -0.5593 0.8217
vn -0.9570 -0.2889 0.0252
vn -0.9455 -0.3192 0.0645
vn -0.8069 -0.2161 0.5498
vn -0.6982 -0.7158 -0.0153
vn -0.7057 -0.7014 -0.1000
vn -0.9391 0.3413 0.0389
vn -0.7176 -0.6215 -0.3142
vn -0.7303 -0.6204 -0.2858
vn 0.1561 -0.8722 -0.4636
vn 0.0436 -0.8840 -0.4654
vn -0.0017 -0.8839 -0.4677
vn -0.0549 -0.4527 -0.8900
vn -0.4485 -0.7989 -0.4008
vn -0.4160 -0.8468 -0.3313
vn 0.0117 -0.9999 0.0107
vn 0.0008 -0.9946 0.1038
vn 0.0001 -1.0000 -0.0057
vn -0.0042 -1.0000 -0.0029
vn -0.0259 -0.9997 -0.0033
vn -0.0153 -0.9999 -0.0031
vn -0.0095 -1.0000 -0.0030
vn 0.9316 0.0535 0.3594
vn -0.9603 -0.0732 0.2693
vn 0.9228 -0.1375 0.3598
vn -0.9611 -0.0605 0.2695
vn -0.9748 -0.0480 0.2180
vn -0.3382 -0.8017 0.4927
vn -0.2275 0.0556 0.9722
vn -0.2691 -0.2191 0.9379
vn -0.2736 0.0503 0.9605
vn -0.3563 0.1371 0.9242
vn -0.3256 -0.0029 0.9455
vn -0.3047 0.0143 0.9524
vn -0.3924 -0.0414 0.9188
vn -0.3137 0.0138 0.9494
vn -0.3087 0.0467 0.9500
vn -0.2972 -0.1736 0.9389
vn -0.2607 -0.0574 0.9637
vn -0.2865 -0.0612 0.9561
vn -0.2881 0.0477 0.9564
vn -0.3228 0.0137 0.9464
vn -0.9607 -0.0535 0.2723
vn 0.9570 0.0170 0.2897
vn 0.9314 0.0623 0.3585
vn -0.1216 0.8523 0.5088
vn -0.9716 -0.0175 0.2358
vn 0.9244 0.2234 0.3092
vn -0.9859 -0.0404 0.1627
vn -0.0812 -0.9966 -0.0122
vn -0.4181 0.0404 0.9075
vn -0.7364 0.0972 0.6695
vn -0.2540 0.7260 0.6390
vn -0.3024 -0.7621 0.5725
vn -0.7414 0.0215 0.6708
vn -0.3196 -0.7529 0.5753
vn -0.3243 -0.7534 0.5721
vn 0.0958 -0.1001 0.9904
vn -0.1784 0.7213 0.6693
vn 0.1517 0.3613 0.9200
vn -0.0026 -0.5225 0.8526
vn -0.0028 -0.4419 0.8971
vn -0.1797 -0.3326 0.9258
vn 0.7916 0.2910 -0.5373
vn 0.7327 -0.3047 -0.6085
vn 0.3915 -0.1294 -0.9110
vn 0.6332 0.1641 -0.7564
vn 0.3365 0.1362 -0.9318
vn -0.0386 0.1106 -0.9931
vn -0.0164 -0.0047 -0.9999
vn 0.4664 0.4883 -0.7376
vn 0.2906 0.5747 -0.7650
vn -0.0312 0.4702 -0.8820
vn 0.0496 0.2938 -0.9546
vn 0.0162 0.2878 -0.9576
vn 0.9013 -0.4276 0.0702
vn 0.9973 -0.0217 0.0703
vn 0.8951 0.4321 -0.1095
vn 0.7604 0.6121 0.2169
vn 0.8050 0.5931 -0.0154
vn 0.9447 -0.3190 -0.0756
vn 0.9727 0.0657 -0.2227
vn 0.9792 0.2025 -0.0135
vn 0.3792 0.9252 0.0120
vn 0.8467 -0.5308 0.0377
vn 0.9273 0.3737 0.0230
vn 0.5792 0.6567 -0.4830
vn 0.8830 0.4692 -0.0100
vn 0.9543 -0.2751 -0.1164
vn 0.3998 -0.3767 -0.8356
vn 0.9657 -0.1114 -0.2344
vn 0.9980 0.0528 -0.0339
vn 0.9931 0.1003 0.0612
vn 0.9628 0.2485 0.1064
vn 0.9896 -0.1096 0.0930
vn 0.9786 -0.1416 0.1491
vn 0.9886 -0.1294 0.0764
vn 0.9666 0.0304 0.2546
vn 0.8895 0.0732 0.4511
vn 0.9850 0.1172 0.1268
vn 0.9695 0.1157 0.2162
vn 0.5426 0.8355 -0.0868
vn 0.5310 0.8474 0.0021
vn 0.9955 -0.0166 0.0932
vn 0.9989 0.0041 0.0458
vn 0.9678 0.2314 0.0989
vn 0.9876 0.1516 0.0400
vn 0.9938 0.0515 0.0986
vn 0.9913 0.0971 0.0890
vn 0.9807 0.0746 0.1809
vn 0.9472 -0.0019 0.3206
vn 0.1142 0.8968 -0.4274
vn -0.1254 0.9276 -0.3518
vn -0.0932 0.9941 -0.0547
vn 0.6788 0.2216 -0.7001
vn 0.4114 0.2105 -0.8868
vn 0.2456 0.0924 -0.9649
vn 0.9932 0.0767 -0.0877
vn 0.9900 -0.0045 0.1410
vn 0.9916 -0.0016 0.1296
vn 0.6942 -0.0418 0.7186
vn -0.0038 -0.0972 0.9953
vn -0.0036 -0.0984 0.9951
vn 0.9628 0.2111 0.1688
vn 0.9559 -0.2248 0.1889
vn 0.8991 -0.1513 0.4109
vn 0.8375 -0.1360 0.5292
vn -0.0747 0.2891 0.9544
vn -0.0051 0.4329 0.9014
vn 0.0003 -0.3486 0.9373
vn 0.0249 -0.3716 0.9281
vn -0.0099 0.0459 0.9989
vn -0.0004 -0.1411 0.9900
vn -0.0052 -0.1477 0.9890
vn 0.0011 0.0560 0.9984
vn 0.0226 0.8453 -0.5338
vn 0.0812 0.8428 -0.5320
vn 0.1236 0.7895 -0.6012
vn -0.0188 0.8111 -0.5846
vn 0.8942 0.4471 -0.0212
vn 0.8172 0.5136 -0.2616
vn 0.9213 0.3888 -0.0088
vn 0.7471 0.5777 -0.3288
vn 0.9240 0.2830 -0.2571
vn 0.9574 0.2723 0.0961
vn 0.5500 0.8310 -0.0833
vn 0.8269 0.5480 0.1266
vn 0.8975 0.4312 0.0927
vn 0.6667 0.6848 0.2942
vn 0.0415 0.8516 0.5226
vn 0.8815 0.4524 0.1357
vn 0.8977 0.4357 0.0652
vn -0.0001 0.9997 -0.0251
vn -0.0003 0.9998 -0.0192
vn -0.0047 0.9997 -0.0220
vn -0.0588 0.9982 -0.0104
vn 0.5323 0.8447 -0.0560
vn 0.0768 0.9937 -0.0821
vn -0.0001 1.0000 0.0001
vn 0.5134 0.8320 -0.2104
vn 0.6453 0.7634 -0.0296
vn 0.5925 0.8056 0.0025
vn 0.6539 0.7564 -0.0127
vn 0.6567 0.7541 -0.0050
vn 0.6252 0.7802 0.0200
vn 0.7167 0.6765 -0.1694
vn -0.0146 0.8801 -0.4746
vn 0.0121 0.7078 -0.7063
vn 0.0178 0.7372 -0.6754
vn -0.1798 0.9683 0.1732
vn -0.0001 0.9602 0.2792
vn -0.0089 0.9839 -0.1786
vn -0.2313 0.9640 -0.1308
vn -0.4390 0.8856 0.1514
vn -0.0191 0.9991 0.0366
vn 0.8204 0.5708 -0.0344
vn 0.9442 0.2924 0.1517
vn 0.9690 -0.2271 0.0974
vn 0.9582 -0.2499 0.1395
vn 0.9970 0.0274 -0.0720
vn 0.9366 0.3475 0.0440
vn 0.8791 0.4377 0.1890
vn 0.6734 0.6866 0.2740
vn 0.6644 0.6765 0.3176
vn 0.8995 0.4368 -0.0136
vn 0.3459 0.8332 0.4315
vn 0.0036 0.7906 0.6123
vn -0.0069 0.8286 0.5599
vn -0.2148 -0.9766 -0.0048
vn 0.3712 -0.9285 -0.0069
vn 0.8864 -0.4629 -0.0089
vn 0.9954 -0.0958 -0.0092
vn 0.0042 -1.0000 -0.0035
vn -0.0292 -0.8287 0.5589
vn 0.0008 -0.7852 0.6192
vn 0.1820 -0.7977 0.5749
vn 0.6829 -0.6351 0.3610
vn 0.9798 -0.1992 0.0193
vn -0.1756 -0.8359 -0.5201
vn 0.0027 -0.8219 -0.5696
vn 0.3306 -0.7371 -0.5894
vn 0.7424 -0.4322 -0.5119
vn 0.9100 -0.2190 -0.3521
vn 0.0068 0.9886 -0.1504
vn -0.0263 0.9990 0.0364
vn -0.0306 0.9975 0.0632
vn 0.0613 0.9951 0.0772
vn 0.0722 0.8458 -0.5286
vn -0.0070 0.9852 -0.1710
vn 0.0236 0.9836 -0.1786
vn 0.0028 0.9981 -0.0622
vn 0.0055 0.9924 -0.1231
vn -0.0241 0.9972 -0.0701
vn 0.0128 0.9923 -0.1231
vn 0.0369 0.9062 -0.4213
vn 0.0019 0.9212 -0.3890
vn 0.1997 0.8973 -0.3937
vn 0.0932 0.9759 -0.1975
vn 0.0045 0.9999 -0.0140
vn -0.0160 0.9976 -0.0680
vn -0.0257 0.9973 -0.0686
vn 0.0561 0.9984 -0.0060
vn -0.0028 0.9734 -0.2291
vn 0.2743 0.9600 -0.0569
vn 0.1249 0.9809 -0.1491
vn 0.3448 0.9310 -0.1201
vn -0.2460 0.9681 -0.0474
vn 0.3638 0.9247 -0.1123
vn 0.0048 0.9908 -0.1354
vn 0.0055 0.9924 -0.1232
vn 0.1663 0.9827 -0.0820
vn 0.1120 0.9872 -0.1139
vn 0.0038 0.9998 -0.0179
vn 0.2363 0.7584 -0.6074
vn 0.8940 0.4480 -0.0001
vn 0.0904 0.9959 -0.0070
vn 0.6679 0.7443 0.0036
vn 0.9164 0.3987 -0.0365
vn 0.8974 0.4077 0.1686
vn 0.8911 -0.0220 0.4533
vn 0.9654 -0.1917 0.1769
vn 0.0835 0.0580 -0.9948
vn 0.0006 0.1384 -0.9904
vn 0.0019 0.1496 -0.9887
vn 0.2752 -0.1369 -0.9516
vn -0.0001 0.0225 -0.9997
vn 0.0005 0.0221 -0.9998
vn -0.0084 -0.3353 -0.9421
vn -0.0072 -0.3114 -0.9502
vn 0.1534 0.2395 -0.9587
vn 0.1436 -0.2419 -0.9596
vn 0.3385 0.2884 -0.8957
vn -0.0037 0.5220 0.8529
vn -0.0496 0.3433 0.9379
vn 0.9587 0.1627 0.2334
vn 0.8730 0.4876 0.0075
vn 0.2995 0.9531 -0.0433
vn 0.5555 0.8300 0.0496
vn 0.5413 0.8405 0.0230
vn 0.9930 0.0606 0.1018
vn 0.9764 0.0470 0.2106
vn 0.0511 -0.0326 -0.9982
vn -0.6540 -0.2092 -0.7270
vn -0.3700 -0.0192 -0.9288
vn -0.5865 0.0948 -0.8044
vn 0.1496 -0.7974 -0.5846
vn 0.7622 -0.4821 -0.4321
vn 0.5821 0.7055 -0.4043
vn 0.1456 0.9893 -0.0061
vn 0.2247 0.9742 0.0204
vn 0.4776 0.8608 -0.1758
vn 0.3933 0.9175 0.0598
vn 0.2576 -0.2391 -0.9362
vn 0.6076 0.0751 -0.7907
vn 0.5221 0.0780 -0.8493
vn 0.5131 0.0894 -0.8536
vn 0.6798 0.0868 -0.7282
vn 0.9991 -0.0046 0.0423
vn 0.9980 -0.0631 -0.0088
vn 0.9937 0.0792 0.0792
vn 0.9930 0.1049 0.0534
vn -0.1531 -0.0116 -0.9881
vn 0.9962 0.0524 -0.0694
vn 0.7615 -0.0544 -0.6458
vn 0.7848 0.5006 -0.3654
vn 0.1707 -0.2786 0.9451
vn 0.0001 -0.2773 0.9608
vn 0.5524 -0.2313 0.8009
vn 0.0057 -0.2795 0.9601
vn 0.0152 -0.2763 0.9610
vn 0.9986 0.0487 0.0181
vn 0.9978 0.0581 0.0312
vn 0.9989 0.0242 0.0391
vn 0.9996 0.0268 0.0031
vn 0.9884 0.1464 0.0399
vn 0.9911 0.1332 -0.0054
vn 0.9946 0.1039 0.0025
vn 0.9983 0.0411 -0.0413
vn 0.9899 0.1400 -0.0233
vn 0.8418 0.5395 -0.0142
vn 0.8935 0.4490 -0.0062
vn 0.9336 0.3580 -0.0168
vn 0.9585 -0.0582 0.2792
vn 0.9799 0.0278 0.1973
vn 0.9748 0.0987 0.2001
vn 0.9971 0.0323 0.0688
vn 0.9796 0.1972 0.0391
vn 0.9808 0.0225 0.1937
vn 0.9272 -0.3723 -0.0420
vn 0.8965 -0.4429 0.0048
vn 0.9602 -0.2763 0.0399
vn 0.8418 0.0699 -0.5353
vn 0.9239 0.1150 0.3649
vn 0.9116 -0.3997 -0.0963
vn 0.9483 0.3173 -0.0065
vn 0.9714 0.2364 -0.0240
vn 0.6873 0.6087 -0.3965
vn 0.6568 0.7540 0.0111
vn 0.8659 0.2113 0.4535
vn 0.9622 -0.2708 0.0308
vn 0.6162 0.6066 -0.5024
vn 0.6739 0.7372 -0.0489
vn 0.0217 0.8205 -0.5712
vn 0.0457 0.8154 -0.5771
vn -0.0477 0.8000 -0.5982
vn 0.2127 0.7791 -0.5897
vn 0.5568 0.6858 -0.4686
vn 0.5134 0.7385 -0.4370
vn 0.2133 0.5199 -0.8272
vn 0.1108 0.5806 -0.8066
vn -0.0871 0.9783 -0.1882
vn 0.0069 0.9681 -0.2503
vn 0.0092 0.9679 -0.2510
vn 0.0343 0.5980 -0.8008
vn 0.1106 0.5631 -0.8189
vn 0.9570 0.2891 -0.0249
vn 0.9454 0.3195 -0.0642
vn 0.8440 0.2258 -0.4864
vn 0.6677 0.7443 0.0167
vn 0.6970 0.7093 0.1056
vn 0.9906 -0.1244 -0.0570
vn 0.6803 0.6432 0.3514
vn 0.7248 0.6245 0.2908
vn -0.1652 0.8706 0.4635
vn -0.0447 0.8839 0.4656
vn 0.0017 0.8837 0.4680
vn 0.0133 0.6415 0.7670
vn 0.4187 0.8116 0.4074
vn 0.4283 0.8420 0.3280
vn -0.0147 0.9996 0.0253
vn -0.0008 0.9969 -0.0785
vn -0.0001 1.0000 0.0057
vn 0.0041 1.0000 0.0029
vn 0.0260 0.9996 0.0049
vn 0.0153 0.9999 0.0031
vn 0.0095 1.0000 0.0030
vn 0.0004 1.0000 0.0078
vn -0.0002 1.0000 0.0081
vn -0.0206 0.9998 0.0013
vn -0.0226 0.9997 0.0001
vn -0.0215 0.9998 -0.0008
vn -0.0180 0.9998 0.0018
vn -0.9756 -0.0592 -0.2113
vn 0.9842 0.0673 -0.1635
vn -0.9810 0.1720 -0.0903
vn 0.9855 0.0534 -0.1612
vn 0.9831 0.0351 -0.1795
vn 0.3269 0.8222 -0.4660
vn 0.4647 -0.0616 0.8833
vn 0.6450 0.0241 0.7638
vn 0.7919 -0.0696 0.6066
vn 0.2695 -0.1160 -0.9560
vn 0.8076 0.0629 -0.5864
vn 0.3570 0.2089 -0.9104
vn -0.9911 -0.0317 0.1297
vn -0.9384 -0.0619 0.3400
vn -0.9025 -0.0824 0.4228
vn -0.9784 -0.0525 0.2001
vn 0.5188 0.0195 0.8547
vn 0.1006 0.0496 -0.9937
vn 0.4849 -0.0025 -0.8746
vn 0.2995 -0.0506 -0.9527
vn 0.2869 0.1762 -0.9416
vn 0.2521 0.0553 -0.9661
vn 0.2769 0.0625 -0.9589
vn 0.2779 -0.0494 -0.9593
vn 0.3157 -0.0080 -0.9488
vn 0.9842 0.0448 -0.1713
vn -0.9752 -0.0295 -0.2195
vn -0.9791 -0.0673 -0.1918
vn 0.1145 -0.8780 -0.4648
vn 0.9917 -0.0082 -0.1286
vn -0.9672 -0.2366 -0.0926
vn 0.9901 0.0669 -0.1232
vn -0.0228 0.9997 -0.0015
vn 0.0657 0.9978 0.0120
vn 0.4177 -0.0425 -0.9076
vn 0.7395 -0.0851 -0.6678
vn 0.2636 -0.6806 -0.6836
vn 0.2806 0.8053 -0.5223
vn 0.7483 -0.0340 -0.6625
vn 0.2939 0.7968 -0.5279
vn 0.3043 0.7710 -0.5594
vn -0.0955 0.0345 -0.9948
vn 0.2043 -0.6797 -0.7044
vn -0.1360 -0.3591 -0.9233
vn 0.0023 0.5209 -0.8536
vn 0.0028 0.4408 -0.8976
vn 0.1820 0.3337 -0.9250
vn 0.0162 0.8968 0.4421
vn -0.0028 0.9512 0.3087
vn -0.0231 -0.0256 0.9994
vn 0.1104 0.3043 0.9462
vn -0.0904 -0.2583 -0.9618
vn 0.0687 0.9962 0.0541
vn -0.2173 0.9687 -0.1199
vn -0.1997 0.9670 0.1585
vn -0.0985 0.4713 0.8764
vn -0.1068 0.0417 0.9934
vn -0.1113 -0.0327 0.9932
vn 0.1134 0.9928 -0.0390
vn 0.1565 0.4678 -0.8698
vn 0.1802 0.6681 -0.7219
vn 0.1029 0.9860 -0.1311
vn 0.0503 0.9750 -0.2163
vn 0.2076 0.8664 -0.4542
vn 0.0068 0.9571 0.2898
vn -0.2064 0.9108 0.3576
vn 0.2029 0.9704 -0.1309
vn 0.0102 0.9962 0.0869
vn 0.0433 0.9942 0.0980
vn 0.1565 0.9877 0.0017
vn 0.2780 0.9361 -0.2153
vn 0.0145 0.6313 -0.7754
vn -0.0058 0.5743 -0.8187
vn -0.2685 0.5307 -0.8039
vn -0.4126 0.2874 -0.8644
vn 0.2795 0.9053 0.3200
vn -0.4541 -0.3504 -0.8192
vn -0.0070 -0.0629 0.9980
vn -0.9025 0.3731 -0.2152
vn -0.9142 0.3580 0.1900
vn -0.9708 0.2392 -0.0167
vn -0.9586 0.2846 0.0102
vn -0.5183 0.8505 -0.0892
vn 0.1780 0.9777 0.1117
vn 0.0220 0.9482 0.3170
vn 0.0241 -0.1778 -0.9838
vn 0.0207 -0.0435 -0.9988
vn 0.0147 0.4809 -0.8767
vn -0.0597 0.7441 -0.6654
vn -0.0004 0.9611 0.2762
vn -0.4422 0.8207 0.3618
vn -0.7649 0.3341 0.5507
vn 0.7451 0.1935 -0.6383
vn 0.6098 0.7277 -0.3142
vn 0.0054 -0.0499 0.9987
vt 0.375000 0.125000
vt 0.375000 0.250000
vt 0.625000 0.250000
vt 0.625000 0.125000
vt 0.868223 0.625000
vt 0.875000 0.500000
vt 0.868223 0.502282
vt 0.834445 0.747718
vt 0.839286 0.750000
vt 0.875000 0.750000
vt 0.868223 0.747718
vt 0.875000 0.625000
vt 0.625000 0.000000
vt 0.536747 0.000000
vt 0.455236 0.043218
vt 0.536747 0.964286
vt 0.536747 1.000000
vt 0.625000 1.000000
vt 0.625000 0.964286
vt 0.536747 0.875000
vt 0.536747 0.892857
vt 0.625000 0.892857
vt 0.625000 0.875000
vt 0.536747 0.928571
vt 0.625000 0.928571
vt 0.375000 1.000000
vt 0.378821 0.962228
vt 0.382641 0.924455
vt 0.386462 0.886683
vt 0.125000 0.625000
vt 0.125000 0.750000
vt 0.164535 0.747942
vt 0.160714 0.625000
vt 0.196429 0.625000
vt 0.204070 0.745884
vt 0.243605 0.743826
vt 0.232143 0.625000
vt 0.125000 0.500000
vt 0.160714 0.500000
vt 0.196429 0.500000
vt 0.232143 0.500000
vt 0.750000 0.747718
vt 0.750000 0.750000
vt 0.767857 0.750000
vt 0.766889 0.747718
vt 0.803571 0.750000
vt 0.800667 0.747718
vt 0.839286 0.500000
vt 0.834445 0.502282
vt 0.803571 0.500000
vt 0.800667 0.502282
vt 0.767857 0.500000
vt 0.766889 0.502282
vt 0.375000 0.285714
vt 0.625000 0.285714
vt 0.375000 0.321429
vt 0.625000 0.321429
vt 0.375000 0.357143
vt 0.625000 0.357143
vt 0.000000 0.000000
vt 0.190311 0.505011
vt 0.166832 0.505011
vt 0.166832 0.625000
vt 0.190311 0.625000
vt 0.375000 0.375000
vt 0.625000 0.375000
vt 0.750000 0.500000
vt 0.750000 0.502282
vt 0.250000 0.625000
vt 0.250000 0.500000
vt 0.263373 0.742797
vt 0.388373 0.867797
s 0
usemtl 
f 6/1/1 2/2/1 5/3/1 7/4/1
f 7/5/2 5/6/2 3/7/2
f 24/8/3 18/9/3 4/10/3 1/11/3
f 1/11/4 4/10/4 7/12/4
f 6/1/5 7/4/5 4/13/5 8/14/5 9/15/5
f 33/16/6 8/17/6 4/18/6 18/19/6
f 65/20/6 31/21/6 16/22/6 60/23/6
f 31/21/6 32/24/6 17/25/6 16/22/6
f 32/24/6 33/16/6 18/19/6 17/25/6
f 9/26/7 8/17/7 33/16/7 37/27/7
f 37/27/7 33/16/7 32/24/7 36/28/7
f 36/28/7 32/24/7 31/21/7 28/29/7
f 6/30/8 9/31/8 37/32/8 38/33/8
f 39/34/8 36/35/8 28/36/8 25/37/8
f 2/38/9 6/30/9 38/33/9 35/39/9
f 34/40/9 39/34/9 25/37/9 10/41/9
f 62/42/10 60/43/10 16/44/10 22/45/10
f 22/45/11 16/44/11 17/46/11 23/47/11
f 23/47/12 17/46/12 18/9/12 24/8/12
f 3/7/13 5/6/13 13/48/13 19/49/13
f 19/49/14 13/48/14 14/50/14 20/51/14
f 20/51/15 14/50/15 15/52/15 21/53/15
f 2/2/16 35/54/16 13/55/16 5/3/16
f 35/54/16 34/56/16 14/57/16 13/55/16
f 34/56/16 10/58/16 15/59/16 14/57/16
f 30/60/17 29/60/17 44/60/17 45/60/17
f 11/61/18 34/40/18 35/39/18 12/62/18
f 29/60/19 30/60/19 37/60/19 36/60/19
f 30/60/20 27/60/20 38/60/20 37/60/20
f 26/60/21 29/60/21 36/60/21 39/60/21
f 12/62/22 35/39/22 38/33/22 27/63/22
f 26/64/23 39/34/23 34/40/23 11/61/23
f 42/61/24 48/61/24 46/64/24 40/64/24
f 44/60/25 40/60/25 46/60/25 50/60/25
f 27/60/26 30/60/26 45/60/26 41/60/26
f 12/62/27 43/62/27 42/61/27 11/61/27
f 27/63/28 41/63/28 43/62/28 12/62/28
f 29/60/29 26/60/29 40/60/29 44/60/29
f 11/61/30 42/61/30 40/64/30 26/64/30
f 48/61/31 54/61/31 52/64/31 46/64/31
f 50/60/32 46/60/32 52/60/32 56/60/32
f 45/60/33 44/60/33 50/60/33 51/60/33
f 41/60/34 45/60/34 51/60/34 47/60/34
f 43/62/35 49/62/35 48/61/35 42/61/35
f 41/63/36 47/63/36 49/62/36 43/62/36
f 55/62/37 53/63/37 52/64/37 54/61/37
f 56/60/38 52/60/38 53/60/38 57/60/38
f 51/60/39 50/60/39 56/60/39 57/60/39
f 47/60/40 51/60/40 57/60/40 53/60/40
f 49/62/41 55/62/41 54/61/41 48/61/41
f 47/63/42 53/63/42 55/62/42 49/62/42
f 26/60/43 11/60/43 12/60/43 27/60/43
f 26/60/44 27/60/44 30/60/44 29/60/44
f 10/58/16 58/65/16 59/66/16 15/59/16
f 21/53/45 15/52/45 59/67/45 61/68/45
f 10/41/9 25/37/9 63/69/9 58/70/9
f 25/37/8 28/36/8 64/71/8 63/69/8
f 28/29/7 31/21/7 65/20/7 64/72/7
f 71/1/46 72/4/46 70/3/46 67/2/46
f 72/5/47 68/7/47 70/6/47
f 89/8/48 66/11/48 69/10/48 83/9/48
f 66/11/49 72/12/49 69/10/49
f 71/1/50 74/15/50 73/14/50 69/13/50 72/4/50
f 98/16/6 83/19/6 69/18/6 73/17/6
f 65/20/6 60/23/6 81/22/6 96/21/6
f 96/21/6 81/22/6 82/25/6 97/24/6
f 97/24/6 82/25/6 83/19/6 98/16/6
f 74/26/7 102/27/7 98/16/7 73/17/7
f 102/27/7 101/28/7 97/24/7 98/16/7
f 101/28/7 93/29/7 96/21/7 97/24/7
f 71/30/8 103/33/8 102/32/8 74/31/8
f 104/34/8 90/37/8 93/36/8 101/35/8
f 67/38/9 100/39/9 103/33/9 71/30/9
f 99/40/9 75/41/9 90/37/9 104/34/9
f 62/42/10 87/45/10 81/44/10 60/43/10
f 87/45/51 88/47/51 82/46/51 81/44/51
f 88/47/52 89/8/52 83/9/52 82/46/52
f 68/7/53 84/49/53 78/48/53 70/6/53
f 84/49/54 85/51/54 79/50/54 78/48/54
f 85/51/55 86/53/55 80/52/55 79/50/55
f 67/2/16 70/3/16 78/55/16 100/54/16
f 100/54/16 78/55/16 79/57/16 99/56/16
f 99/56/16 79/57/16 80/59/16 75/58/16
f 95/60/17 110/60/17 109/60/17 94/60/17
f 76/61/18 77/62/18 100/39/18 99/40/18
f 94/60/19 101/60/19 102/60/19 95/60/19
f 95/60/21 102/60/21 103/60/21 92/60/21
f 91/60/20 104/60/20 101/60/20 94/60/20
f 77/62/23 92/63/23 103/33/23 100/39/23
f 91/64/22 76/61/22 99/40/22 104/34/22
f 107/61/56 105/64/56 111/64/56 113/61/56
f 109/60/57 115/60/57 111/60/57 105/60/57
f 92/60/58 106/60/58 110/60/58 95/60/58
f 77/62/27 76/61/27 107/61/27 108/62/27
f 92/63/59 77/62/59 108/62/59 106/63/59
f 94/60/60 109/60/60 105/60/60 91/60/60
f 76/61/61 91/64/61 105/64/61 107/61/61
f 113/61/62 111/64/62 117/64/62 119/61/62
f 115/60/63 121/60/63 117/60/63 111/60/63
f 110/60/33 116/60/33 115/60/33 109/60/33
f 106/60/64 112/60/64 116/60/64 110/60/64
f 108/62/35 107/61/35 113/61/35 114/62/35
f 106/63/65 108/62/65 114/62/65 112/63/65
f 120/62/37 119/61/37 117/64/37 118/63/37
f 121/60/38 122/60/38 118/60/38 117/60/38
f 116/60/39 122/60/39 121/60/39 115/60/39
f 112/60/66 118/60/66 122/60/66 116/60/66
f 114/62/41 113/61/41 119/61/41 120/62/41
f 112/63/67 114/62/67 120/62/67 118/63/67
f 91/60/43 92/60/43 77/60/43 76/60/43
f 91/60/44 94/60/44 95/60/44 92/60/44
f 75/58/16 80/59/16 59/66/16 58/65/16
f 86/53/45 61/68/45 59/67/45 80/52/45
f 75/41/9 58/70/9 63/69/9 90/37/9
f 90/37/8 63/69/8 64/71/8 93/36/8
f 93/29/7 64/72/7 65/20/7 96/21/7
usemtl Material.001
f 213/60/68 510/60/68 514/60/68 219/60/68
f 214/60/69 213/60/69 132/60/69 133/60/69
f 215/60/70 214/60/70 133/60/70 134/60/70
f 127/60/71 136/60/71 133/60/71 132/60/71
f 134/60/72 133/60/72 136/60/72 137/60/72
f 384/60/73 383/60/73 138/60/73 139/60/73
f 382/60/74 384/60/74 139/60/74 125/60/74
f 160/60/75 144/60/75 136/60/75 127/60/75
f 136/60/76 144/60/76 140/60/76 137/60/76
f 141/60/77 140/60/77 144/60/77 145/60/77
f 142/60/78 141/60/78 145/60/78 146/60/78
f 146/60/79 123/60/79 126/60/79 142/60/79
f 429/60/80 430/60/80 153/60/80 148/60/80
f 149/60/81 148/60/81 153/60/81 154/60/81
f 149/60/82 154/60/82 371/60/82 150/60/82 363/60/82 257/60/82
f 372/60/83 371/60/83 154/60/83 155/60/83
f 372/60/84 373/60/84 151/60/84 164/60/84
f 159/60/85 160/60/85 127/60/85 158/60/85
f 157/60/86 158/60/86 127/60/86 132/60/86
f 375/60/87 374/60/87 157/60/87 219/60/87
f 374/60/88 163/60/88 151/60/88 373/60/88
f 152/60/89 147/60/89 165/60/89 166/60/89
f 174/60/90 173/60/90 167/60/90 168/60/90
f 172/60/91 171/60/91 169/60/91 170/60/91
f 168/60/92 167/60/92 171/60/92 172/60/92
f 166/60/93 165/60/93 173/60/93 174/60/93
f 170/60/94 169/60/94 175/60/94 176/60/94
f 176/60/95 175/60/95 177/60/95 178/60/95
f 409/60/96 408/60/96 179/60/96 180/60/96
f 182/60/97 181/60/97 180/60/97 179/60/97
f 182/60/98 198/60/98 183/60/98 181/60/98
f 187/60/99 186/60/99 189/60/99 188/60/99
f 185/60/100 190/60/100 189/60/100 186/60/100
f 191/60/101 190/60/101 185/60/101 199/60/101
f 192/60/102 191/60/102 199/60/102 207/60/102
f 200/60/103 208/60/103 192/60/103 207/60/103
f 201/60/104 202/60/104 194/60/104 211/60/104
f 194/60/105 195/60/105 193/60/105 211/60/105
f 209/60/106 386/60/106 203/60/106 196/60/106
f 387/60/107 204/60/107 203/60/107 386/60/107
f 385/60/108 388/60/108 206/60/108 198/60/108
f 388/60/109 387/60/109 202/60/109 206/60/109
f 184/60/110 183/60/110 198/60/110 206/60/110
f 202/60/111 201/60/111 184/60/111 206/60/111
f 184/60/112 201/60/112 199/60/112 185/60/112
f 385/60/113 198/60/113 182/60/113 393/60/113
f 199/60/114 201/60/114 211/60/114 207/60/114
f 193/60/115 200/60/115 207/60/115 211/60/115
f 218/60/116 513/60/116 515/60/116 221/60/116
f 128/60/117 212/60/117 221/60/117 515/60/117
f 163/60/118 218/60/118 221/60/118 212/60/118
f 512/60/119 375/60/119 219/60/119 514/60/119
f 511/60/120 509/60/120 214/60/120 215/60/120
f 509/60/121 510/60/121 213/60/121 214/60/121
f 132/60/122 213/60/122 219/60/122 157/60/122
f 209/60/123 389/60/123 223/60/123 195/60/123
f 225/60/124 193/60/124 195/60/124 223/60/124
f 200/60/125 226/60/125 227/60/125 208/60/125
f 226/60/126 228/60/126 229/60/126 227/60/126
f 228/60/127 230/60/127 231/60/127 229/60/127
f 389/60/128 390/60/128 238/60/128 223/60/128
f 223/60/129 238/60/129 235/60/129 225/60/129
f 225/60/130 235/60/130 232/60/130 193/60/130
f 193/60/131 232/60/131 226/60/131 200/60/131
f 391/60/132 390/60/132 241/60/132 242/60/132
f 392/60/133 391/60/133 242/60/133 243/60/133
f 237/60/134 236/60/134 239/60/134 240/60/134
f 236/60/135 235/60/135 238/60/135 239/60/135
f 233/60/136 232/60/136 235/60/136 236/60/136
f 228/60/137 226/60/137 232/60/137 233/60/137
f 230/60/138 228/60/138 233/60/138 234/60/138
f 234/60/139 233/60/139 236/60/139 237/60/139
f 447/60/140 254/60/140 250/60/140 251/60/140
f 346/60/141 446/60/141 445/60/141 255/60/141
f 255/60/142 445/60/142 444/60/142 256/60/142
f 256/60/143 444/60/143 443/60/143 257/60/143
f 258/60/144 257/60/144 443/60/144 272/60/144
f 436/60/145 441/60/145 272/60/145 443/60/145
f 440/60/146 273/60/146 427/60/146 426/60/146 428/60/146 272/60/146 441/60/146
f 436/60/147 443/60/147 442/60/147 437/60/147
f 439/60/148 275/60/148 273/60/148 440/60/148
f 273/60/149 275/60/149 452/60/149 453/60/149
f 453/60/150 456/60/150 274/60/150 311/60/150 312/60/150 273/60/150
f 280/60/151 274/60/151 456/60/151 279/60/151
f 280/60/152 279/60/152 302/60/152 303/60/152
f 458/60/153 303/60/153 302/60/153 460/60/153
f 462/60/154 319/60/154 278/60/154 282/60/154
f 315/60/155 302/60/155 279/60/155 314/60/155
f 457/60/156 314/60/156 279/60/156 456/60/156
f 283/60/157 307/60/157 249/60/157 245/60/157
f 282/60/157 306/60/157 307/60/157 283/60/157
f 278/60/157 305/60/157 306/60/157 282/60/157
f 301/60/157 304/60/157 305/60/157 278/60/157
f 454/60/158 297/60/158 304/60/158 301/60/158
f 294/60/159 298/60/159 297/60/159 293/60/159
f 295/60/157 299/60/157 298/60/157 294/60/157
f 296/60/157 300/60/157 299/60/157 295/60/157
f 247/60/157 248/60/157 300/60/157 296/60/157
f 442/60/160 286/60/160 285/60/160 437/60/160
f 437/60/161 285/60/161 289/60/161 438/60/161
f 438/60/162 289/60/162 290/60/162 439/60/162
f 439/60/163 290/60/163 291/60/163 275/60/163
f 275/60/164 291/60/164 292/60/164 452/60/164
f 452/60/165 292/60/165 293/60/165 454/60/165
f 297/60/166 454/60/166 293/60/166
f 448/60/167 287/60/167 286/60/167 442/60/167
f 449/60/168 288/60/168 287/60/168 448/60/168
f 244/60/169 246/60/169 288/60/169 449/60/169
f 458/60/170 459/60/170 309/60/170 310/60/170
f 459/60/171 252/60/171 308/60/171 309/60/171
f 242/60/172 309/60/172 308/60/172 243/60/172
f 241/60/173 310/60/173 309/60/173 242/60/173
f 241/60/174 224/60/174 458/60/174 310/60/174
f 224/60/175 196/60/175 303/60/175 458/60/175
f 196/60/176 203/60/176 280/60/176 303/60/176
f 203/60/177 204/60/177 274/60/177 280/60/177
f 204/60/178 205/60/178 311/60/178 274/60/178
f 205/60/179 197/60/179 312/60/179 311/60/179
f 197/60/180 210/60/180 273/60/180 312/60/180
f 455/60/181 318/60/181 314/60/181 457/60/181
f 319/60/182 315/60/182 314/60/182 318/60/182
f 460/60/183 302/60/183 315/60/183 461/60/183
f 278/60/184 319/60/184 318/60/184 301/60/184
f 454/60/185 301/60/185 318/60/185 455/60/185
f 461/60/186 315/60/186 319/60/186 462/60/186
f 245/60/187 321/60/187 463/60/187 283/60/187
f 462/60/188 282/60/188 283/60/188 463/60/188
f 155/60/189 322/60/189 323/60/189 156/60/189
f 326/60/190 328/60/190 331/60/190 330/60/190
f 328/60/191 327/60/191 329/60/191 331/60/191
f 327/60/192 324/60/192 325/60/192 329/60/192
f 322/60/193 326/60/193 330/60/193 323/60/193
f 157/60/194 156/60/194 323/60/194 332/60/194
f 330/60/195 333/60/195 332/60/195 323/60/195
f 331/60/196 334/60/196 333/60/196 330/60/196
f 329/60/197 335/60/197 334/60/197 331/60/197
f 325/60/198 336/60/198 335/60/198 329/60/198
f 337/60/199 322/60/199 155/60/199 154/60/199
f 338/60/200 326/60/200 322/60/200 337/60/200
f 339/60/201 328/60/201 326/60/201 338/60/201
f 340/60/202 327/60/202 328/60/202 339/60/202
f 341/60/203 324/60/203 327/60/203 340/60/203
f 254/60/204 343/60/204 342/60/204 250/60/204
f 256/60/205 345/60/205 344/60/205 255/60/205
f 346/60/206 348/60/206 343/60/206 254/60/206
f 255/60/207 344/60/207 348/60/207 346/60/207
f 254/60/208 447/60/208 446/60/208 346/60/208
f 354/60/209 351/60/209 350/60/209 353/60/209
f 353/60/210 350/60/210 349/60/210 357/60/210
f 343/60/211 352/60/211 356/60/211 342/60/211
f 367/60/212 353/60/212 357/60/212 368/60/212
f 348/60/213 355/60/213 352/60/213 343/60/213
f 366/60/214 354/60/214 353/60/214 367/60/214
f 220/60/215 349/60/215 350/60/215 217/60/215
f 217/60/216 350/60/216 351/60/216 128/60/216
f 212/60/217 128/60/217 351/60/217 358/60/217
f 163/60/218 212/60/218 358/60/218 359/60/218
f 360/60/219 151/60/219 163/60/219 359/60/219
f 164/60/220 151/60/220 360/60/220 361/60/220
f 150/60/221 164/60/221 361/60/221 362/60/221
f 256/60/222 257/60/222 363/60/222 345/60/222
f 362/60/223 345/60/223 363/60/223 150/60/223
f 344/60/224 364/60/224 355/60/224 348/60/224
f 345/60/225 362/60/225 364/60/225 344/60/225
f 369/60/226 366/60/226 355/60/226 364/60/226
f 351/60/227 354/60/227 365/60/227 358/60/227
f 365/60/228 354/60/228 366/60/228 369/60/228
f 355/60/229 366/60/229 367/60/229 352/60/229
f 352/60/230 367/60/230 368/60/230 356/60/230
f 361/60/231 369/60/231 364/60/231 362/60/231
f 360/60/232 365/60/232 369/60/232 361/60/232
f 359/60/233 358/60/233 365/60/233 360/60/233
f 513/60/234 218/60/234 375/60/234 512/60/234
f 157/60/235 374/60/235 373/60/235 156/60/235
f 218/60/236 163/60/236 374/60/236 375/60/236
f 155/60/237 156/60/237 373/60/237 372/60/237
f 164/60/238 150/60/238 371/60/238 372/60/238
f 258/60/239 376/60/239 149/60/239 257/60/239
f 148/60/240 149/60/240 376/60/240 377/60/240
f 429/60/241 431/60/241 165/60/241 147/60/241
f 515/60/242 516/60/242 379/60/242 128/60/242
f 128/60/243 379/60/243 378/60/243 217/60/243
f 378/60/244 222/60/244 220/60/244 217/60/244
f 516/60/245 517/60/245 143/60/245 379/60/245
f 143/60/246 135/60/246 378/60/246 379/60/246
f 135/60/247 124/60/247 222/60/247 378/60/247
f 124/60/248 135/60/248 384/60/248 382/60/248
f 135/60/249 143/60/249 383/60/249 384/60/249
f 138/60/250 383/60/250 134/60/250 137/60/250
f 215/60/251 134/60/251 383/60/251 143/60/251
f 511/60/252 215/60/252 143/60/252 517/60/252
f 240/60/253 239/60/253 391/60/253 392/60/253
f 239/60/254 238/60/254 390/60/254 391/60/254
f 224/60/255 241/60/255 390/60/255 389/60/255
f 196/60/256 224/60/256 389/60/256 209/60/256
f 197/60/257 385/60/257 393/60/257 210/60/257
f 205/60/258 204/60/258 387/60/258 388/60/258
f 197/60/259 205/60/259 388/60/259 385/60/259
f 202/60/260 387/60/260 386/60/260 194/60/260
f 195/60/261 194/60/261 386/60/261 209/60/261
f 175/60/262 486/60/262 487/60/262 177/60/262
f 182/60/263 489/60/263 490/60/263 393/60/263
f 408/60/264 478/60/264 488/60/264 179/60/264
f 179/60/265 488/60/265 489/60/265 182/60/265
f 393/60/266 490/60/266 491/60/266 210/60/266
f 400/60/267 399/60/267 170/60/267 176/60/267
f 170/60/268 399/60/268 398/60/268 172/60/268
f 172/60/269 398/60/269 397/60/269 168/60/269
f 168/60/270 397/60/270 396/60/270 174/60/270
f 174/60/271 396/60/271 395/60/271 166/60/271
f 394/60/272 152/60/272 166/60/272 395/60/272
f 492/60/273 486/60/273 175/60/273 169/60/273
f 411/60/274 485/60/274 495/60/274 401/60/274
f 494/60/275 402/60/275 401/60/275 495/60/275
f 484/60/276 403/60/276 402/60/276 494/60/276
f 432/60/277 403/60/277 484/60/277 493/60/277
f 406/60/278 405/60/278 400/60/278 176/60/278
f 407/60/279 406/60/279 176/60/279 178/60/279
f 409/60/280 180/60/280 181/60/280 410/60/280
f 178/60/281 409/60/281 410/60/281 407/60/281
f 177/60/282 487/60/282 478/60/282 408/60/282
f 178/60/283 177/60/283 408/60/283 409/60/283
f 210/60/284 491/60/284 485/60/284 411/60/284
f 171/60/285 404/60/285 492/60/285 169/60/285
f 335/60/286 415/60/286 414/60/286 334/60/286
f 333/60/287 413/60/287 412/60/287 332/60/287
f 336/60/288 416/60/288 415/60/288 335/60/288
f 334/60/287 414/60/287 413/60/287 333/60/287
f 158/60/289 157/60/289 332/60/289 412/60/289
f 434/60/290 417/60/290 418/60/290 433/60/290
f 435/60/291 419/60/291 417/60/291 434/60/291
f 419/60/292 422/60/292 420/60/292 417/60/292
f 417/60/293 420/60/293 421/60/293 418/60/293
f 422/60/294 425/60/294 423/60/294 420/60/294
f 420/60/295 423/60/295 424/60/295 421/60/295
f 435/60/296 431/60/296 377/60/296 419/60/296
f 377/60/297 376/60/297 422/60/297 419/60/297
f 376/60/298 258/60/298 425/60/298 422/60/298
f 272/60/299 428/60/299 425/60/299 258/60/299
f 423/60/300 425/60/300 428/60/300 426/60/300
f 424/60/301 423/60/301 426/60/301 427/60/301
f 432/60/302 404/60/302 171/60/302 433/60/302
f 402/60/303 403/60/303 418/60/303 421/60/303
f 401/60/304 402/60/304 421/60/304 424/60/304
f 401/60/305 424/60/305 210/60/305 411/60/305
f 427/60/306 273/60/306 210/60/306 424/60/306
f 403/60/307 432/60/307 433/60/307 418/60/307
f 173/60/308 165/60/308 431/60/308 435/60/308
f 173/60/309 435/60/309 434/60/309 167/60/309
f 167/60/310 434/60/310 433/60/310 171/60/310
f 404/60/311 432/60/311 493/60/311 492/60/311
f 148/60/312 377/60/312 431/60/312 429/60/312
f 147/60/313 152/60/313 430/60/313 429/60/313
f 271/60/316 436/60/316 437/60/316 253/60/316
f 284/60/317 438/60/317 439/60/317 259/60/317
f 259/60/318 439/60/318 440/60/318 267/60/318
f 267/60/319 440/60/319 441/60/319 270/60/319
f 270/60/320 441/60/320 436/60/320 271/60/320
f 253/60/321 437/60/321 438/60/321 284/60/321
f 260/60/326 442/60/326 443/60/326 261/60/326
f 261/60/327 443/60/327 444/60/327 262/60/327
f 262/60/328 444/60/328 445/60/328 263/60/328
f 347/60/329 446/60/329 447/60/329 264/60/329
f 265/60/330 448/60/330 442/60/330 260/60/330
f 266/60/331 449/60/331 448/60/331 265/60/331
f 450/60/332 244/60/332 449/60/332 266/60/332
f 264/60/333 447/60/333 251/60/333 451/60/333
f 263/60/334 445/60/334 446/60/334 347/60/334
f 269/60/337 453/60/337 452/60/337 268/60/337
f 268/60/338 452/60/338 454/60/338 276/60/338
f 276/60/339 454/60/339 455/60/339 317/60/339
f 277/60/340 456/60/340 453/60/340 269/60/340
f 313/60/341 457/60/341 456/60/341 277/60/341
f 317/60/342 455/60/342 457/60/342 313/60/342
f 281/60/343 460/60/343 461/60/343 316/60/343
f 459/60/346 458/60/346 281/60/346
f 281/60/347 458/60/347 460/60/347
f 461/60/348 462/60/348 316/60/348
f 316/60/349 462/60/349 463/60/349 320/60/349
f 320/60/350 463/60/350 321/60/350 464/60/350
f 467/60/351 470/60/351 247/60/351 296/60/351
f 473/60/352 467/60/352 296/60/352 295/60/352
f 476/60/353 473/60/353 295/60/353 294/60/353
f 286/60/354 287/60/354 471/60/354 474/60/354
f 474/60/355 471/60/355 472/60/355 475/60/355
f 475/60/356 472/60/356 473/60/356 476/60/356
f 287/60/351 288/60/351 465/60/351 471/60/351
f 471/60/351 465/60/351 466/60/351 472/60/351
f 472/60/352 466/60/352 467/60/352 473/60/352
f 288/60/351 246/60/351 468/60/351 465/60/351
f 465/60/351 468/60/351 469/60/351 466/60/351
f 466/60/351 469/60/351 470/60/351 467/60/351
f 286/60/157 474/60/157 289/60/157 285/60/157
f 290/60/157 289/60/157 474/60/157 475/60/157
f 291/60/157 290/60/157 475/60/157 476/60/157
f 297/60/157 298/60/157 305/60/157 304/60/157
f 298/60/157 299/60/157 306/60/157 305/60/157
f 299/60/157 300/60/157 307/60/157 306/60/157
f 300/60/157 248/60/157 249/60/157 307/60/157
f 478/60/357 500/60/357 498/60/357 488/60/357
f 495/60/358 499/60/358 501/60/358 494/60/358
f 477/60/359 504/60/359 503/60/359 487/60/359
f 494/60/360 501/60/360 502/60/360 484/60/360
f 484/60/361 502/60/361 505/60/361 483/60/361
f 482/60/362 508/60/362 504/60/362 477/60/362
f 487/60/363 486/60/363 477/60/363
f 479/60/364 489/60/364 488/60/364
f 481/60/365 491/60/365 490/60/365 480/60/365
f 480/60/366 490/60/366 489/60/366 479/60/366
f 477/60/367 486/60/367 492/60/367 482/60/367
f 483/60/368 493/60/368 484/60/368
f 485/60/369 491/60/369 481/60/369
f 482/60/370 492/60/370 493/60/370 483/60/370
f 507/60/371 506/60/371 496/60/371 497/60/371
f 498/60/372 499/60/372 497/60/372 496/60/372
f 498/60/373 500/60/373 501/60/373 499/60/373
f 501/60/374 500/60/374 503/60/374 502/60/374
f 503/60/375 504/60/375 505/60/375 502/60/375
f 508/60/376 505/60/376 504/60/376
f 485/60/377 497/60/377 499/60/377 495/60/377
f 488/60/378 498/60/378 496/60/378 479/60/378
f 487/60/379 503/60/379 500/60/379 478/60/379
f 480/60/380 506/60/380 507/60/380 481/60/380
f 481/60/381 507/60/381 497/60/381 485/60/381
f 479/60/382 496/60/382 506/60/382 480/60/382
f 483/60/383 505/60/383 508/60/383 482/60/383
f 291/60/157 476/60/157 292/60/157
f 293/60/384 292/60/384 476/60/384 294/60/384
f 381/60/385 380/60/385 216/60/385 162/60/385 370/60/385 161/60/385 131/60/385 130/60/385 129/60/385
f 131/60/386 510/60/386 509/60/386 130/60/386
f 130/60/387 509/60/387 511/60/387 129/60/387
f 162/60/388 513/60/388 512/60/388 370/60/388
f 161/60/389 514/60/389 510/60/389 131/60/389
f 216/60/390 515/60/390 513/60/390 162/60/390
f 370/60/391 512/60/391 514/60/391 161/60/391
f 380/60/392 516/60/392 515/60/392 216/60/392
f 129/60/393 511/60/393 517/60/393 381/60/393
f 381/60/394 517/60/394 516/60/394 380/60/394
f 125/60/395 139/60/395 142/60/395 126/60/395
f 139/60/396 138/60/396 141/60/396 142/60/396
f 138/60/397 137/60/397 140/60/397 141/60/397
f 606/60/398 612/60/398 903/60/398 899/60/398
f 607/60/399 526/60/399 525/60/399 606/60/399
f 608/60/400 527/60/400 526/60/400 607/60/400
f 520/60/401 525/60/401 526/60/401 529/60/401
f 527/60/402 530/60/402 529/60/402 526/60/402
f 770/60/403 532/60/403 531/60/403 769/60/403
f 768/60/404 519/60/404 532/60/404 770/60/404
f 553/60/405 520/60/405 529/60/405 537/60/405
f 529/60/406 530/60/406 533/60/406 537/60/406
f 534/60/407 538/60/407 537/60/407 533/60/407
f 535/60/408 539/60/408 538/60/408 534/60/408
f 539/60/409 535/60/409 1267/60/409 1266/60/409
f 815/60/410 541/60/410 546/60/410 816/60/410
f 542/60/411 547/60/411 546/60/411 541/60/411
f 542/60/412 645/60/412 749/60/412 543/60/412 757/60/412 547/60/412
f 758/60/413 548/60/413 547/60/413 757/60/413
f 758/60/414 557/60/414 544/60/414 759/60/414
f 552/60/415 551/60/415 520/60/415 553/60/415
f 550/60/416 525/60/416 520/60/416 551/60/416
f 761/60/417 612/60/417 550/60/417 760/60/417
f 760/60/418 759/60/418 544/60/418 556/60/418
f 545/60/419 559/60/419 558/60/419 540/60/419
f 567/60/420 561/60/420 560/60/420 566/60/420
f 565/60/421 563/60/421 562/60/421 564/60/421
f 561/60/422 565/60/422 564/60/422 560/60/422
f 559/60/423 567/60/423 566/60/423 558/60/423
f 563/60/424 569/60/424 568/60/424 562/60/424
f 569/60/425 571/60/425 570/60/425 568/60/425
f 795/60/426 573/60/426 572/60/426 794/60/426
f 575/60/427 572/60/427 573/60/427 574/60/427
f 575/60/428 574/60/428 576/60/428 591/60/428
f 580/60/429 581/60/429 582/60/429 579/60/429
f 578/60/430 579/60/430 582/60/430 583/60/430
f 584/60/431 592/60/431 578/60/431 583/60/431
f 585/60/432 600/60/432 592/60/432 584/60/432
f 593/60/433 600/60/433 585/60/433 601/60/433
f 594/60/434 604/60/434 587/60/434 595/60/434
f 587/60/435 604/60/435 586/60/435 588/60/435
f 602/60/436 589/60/436 596/60/436 772/60/436
f 773/60/437 772/60/437 596/60/437 597/60/437
f 771/60/438 591/60/438 599/60/438 774/60/438
f 774/60/439 599/60/439 595/60/439 773/60/439
f 577/60/440 599/60/440 591/60/440 576/60/440
f 595/60/441 599/60/441 577/60/441 594/60/441
f 577/60/442 578/60/442 592/60/442 594/60/442
f 771/60/443 779/60/443 575/60/443 591/60/443
f 592/60/444 600/60/444 604/60/444 594/60/444
f 586/60/445 604/60/445 600/60/445 593/60/445
f 611/60/446 613/60/446 904/60/446 902/60/446
f 521/60/447 904/60/447 613/60/447 605/60/447
f 556/60/448 605/60/448 613/60/448 611/60/448
f 901/60/449 903/60/449 612/60/449 761/60/449
f 900/60/450 608/60/450 607/60/450 898/60/450
f 898/60/451 607/60/451 606/60/451 899/60/451
f 525/60/452 550/60/452 612/60/452 606/60/452
f 602/60/453 588/60/453 615/60/453 775/60/453
f 617/60/454 615/60/454 588/60/454 586/60/454
f 593/60/455 601/60/455 619/60/455 618/60/455
f 618/60/456 619/60/456 621/60/456 620/60/456
f 620/60/457 621/60/457 623/60/457 622/60/457
f 775/60/458 615/60/458 630/60/458 776/60/458
f 615/60/459 617/60/459 627/60/459 630/60/459
f 617/60/460 586/60/460 624/60/460 627/60/460
f 586/60/461 593/60/461 618/60/461 624/60/461
f 777/60/462 634/60/462 633/60/462 776/60/462
f 778/60/463 635/60/463 634/60/463 777/60/463
f 629/60/464 632/60/464 631/60/464 628/60/464
f 628/60/465 631/60/465 630/60/465 627/60/465
f 625/60/466 628/60/466 627/60/466 624/60/466
f 620/60/467 625/60/467 624/60/467 618/60/467
f 622/60/468 626/60/468 625/60/468 620/60/468
f 626/60/469 629/60/469 628/60/469 625/60/469
f 833/60/470 1381/60/470 1380/60/470 642/60/470
f 734/60/471 643/60/471 831/60/471 832/60/471
f 643/60/472 644/60/472 830/60/472 831/60/472
f 644/60/473 645/60/473 829/60/473 830/60/473
f 646/60/474 660/60/474 829/60/474 645/60/474
f 822/60/475 829/60/475 660/60/475 827/60/475
f 826/60/476 827/60/476 660/60/476 814/60/476 812/60/476 813/60/476 661/60/476
f 822/60/477 823/60/477 828/60/477 829/60/477
f 825/60/478 826/60/478 661/60/478 663/60/478
f 661/60/479 837/60/479 836/60/479 663/60/479
f 837/60/480 661/60/480 700/60/480 699/60/480 662/60/480 840/60/480
f 668/60/481 667/60/481 840/60/481 662/60/481
f 668/60/482 691/60/482 690/60/482 667/60/482
f 842/60/483 844/60/483 690/60/483 691/60/483
f 846/60/484 670/60/484 666/60/484 707/60/484
f 703/60/485 702/60/485 667/60/485 690/60/485
f 841/60/486 840/60/486 667/60/486 702/60/486
f 671/60/487 636/60/487 639/60/487 695/60/487
f 670/60/488 671/60/488 695/60/488 694/60/488
f 666/60/489 670/60/489 694/60/489 693/60/489
f 689/60/490 666/60/490 693/60/490 692/60/490
f 838/60/491 689/60/491 692/60/491 685/60/491
f 682/60/492 681/60/492 685/60/492 686/60/492
f 683/60/493 682/60/493 686/60/493 687/60/493
f 684/60/494 683/60/494 687/60/494 688/60/494
f 637/60/494 684/60/494 688/60/494 638/60/494
f 828/60/495 823/60/495 673/60/495 674/60/495
f 823/60/496 824/60/496 677/60/496 673/60/496
f 824/60/497 825/60/497 678/60/497 677/60/497
f 825/60/498 663/60/498 679/60/498 678/60/498
f 663/60/499 836/60/499 680/60/499 679/60/499
f 836/60/500 838/60/500 681/60/500 680/60/500
f 685/60/501 681/60/501 838/60/501
f 834/60/502 828/60/502 674/60/502 675/60/502
f 835/60/503 834/60/503 675/60/503 676/60/503
f 1378/60/504 835/60/504 676/60/504 1379/60/504
f 842/60/505 698/60/505 697/60/505 843/60/505
f 843/60/506 697/60/506 696/60/506 640/60/506
f 634/60/507 635/60/507 696/60/507 697/60/507
f 633/60/508 634/60/508 697/60/508 698/60/508
f 633/60/509 698/60/509 842/60/509 616/60/509
f 616/60/510 842/60/510 691/60/510 589/60/510
f 589/60/511 691/60/511 668/60/511 596/60/511
f 596/60/512 668/60/512 662/60/512 597/60/512
f 597/60/513 662/60/513 699/60/513 598/60/513
f 598/60/514 699/60/514 700/60/514 590/60/514
f 590/60/515 700/60/515 661/60/515 603/60/515
f 839/60/516 841/60/516 702/60/516 706/60/516
f 707/60/517 706/60/517 702/60/517 703/60/517
f 844/60/518 845/60/518 703/60/518 690/60/518
f 666/60/519 689/60/519 706/60/519 707/60/519
f 838/60/520 839/60/520 706/60/520 689/60/520
f 845/60/521 846/60/521 707/60/521 703/60/521
f 636/60/522 671/60/522 847/60/522 709/60/522
f 846/60/523 847/60/523 671/60/523 670/60/523
f 548/60/524 549/60/524 711/60/524 710/60/524
f 714/60/525 718/60/525 719/60/525 716/60/525
f 716/60/526 719/60/526 717/60/526 715/60/526
f 715/60/527 717/60/527 713/60/527 712/60/527
f 710/60/528 711/60/528 718/60/528 714/60/528
f 550/60/529 720/60/529 711/60/529 549/60/529
f 718/60/530 711/60/530 720/60/530 721/60/530
f 719/60/531 718/60/531 721/60/531 722/60/531
f 717/60/532 719/60/532 722/60/532 723/60/532
f 713/60/533 717/60/533 723/60/533 724/60/533
f 725/60/534 547/60/534 548/60/534 710/60/534
f 726/60/535 725/60/535 710/60/535 714/60/535
f 727/60/536 726/60/536 714/60/536 716/60/536
f 728/60/537 727/60/537 716/60/537 715/60/537
f 729/60/538 728/60/538 715/60/538 712/60/538
f 642/60/539 1380/60/539 730/60/539 731/60/539
f 644/60/540 643/60/540 732/60/540 733/60/540
f 734/60/541 642/60/541 731/60/541 736/60/541
f 643/60/542 734/60/542 736/60/542 732/60/542
f 642/60/543 734/60/543 832/60/543 833/60/543
f 741/60/544 740/60/544 737/60/544 738/60/544
f 740/60/545 1482/60/545 1475/60/545 737/60/545
f 731/60/546 730/60/546 743/60/546 739/60/546
f 753/60/547 754/60/547 1482/60/547 740/60/547
f 736/60/548 731/60/548 739/60/548 742/60/548
f 752/60/549 753/60/549 740/60/549 741/60/549
f 1361/60/550 610/60/550 737/60/550 1475/60/550
f 610/60/551 521/60/551 738/60/551 737/60/551
f 605/60/552 744/60/552 738/60/552 521/60/552
f 556/60/553 745/60/553 744/60/553 605/60/553
f 746/60/554 745/60/554 556/60/554 544/60/554
f 557/60/555 747/60/555 746/60/555 544/60/555
f 543/60/556 748/60/556 747/60/556 557/60/556
f 644/60/557 733/60/557 749/60/557 645/60/557
f 748/60/558 543/60/558 749/60/558 733/60/558
f 732/60/559 736/60/559 742/60/559 750/60/559
f 733/60/560 732/60/560 750/60/560 748/60/560
f 755/60/561 750/60/561 742/60/561 752/60/561
f 738/60/562 744/60/562 751/60/562 741/60/562
f 751/60/563 755/60/563 752/60/563 741/60/563
f 742/60/564 739/60/564 753/60/564 752/60/564
f 739/60/565 743/60/565 754/60/565 753/60/565
f 747/60/566 748/60/566 750/60/566 755/60/566
f 746/60/567 747/60/567 755/60/567 751/60/567
f 745/60/568 746/60/568 751/60/568 744/60/568
f 902/60/569 901/60/569 761/60/569 611/60/569
f 550/60/570 549/60/570 759/60/570 760/60/570
f 611/60/571 761/60/571 760/60/571 556/60/571
f 548/60/572 758/60/572 759/60/572 549/60/572
f 557/60/573 758/60/573 757/60/573 543/60/573
f 646/60/574 645/60/574 542/60/574 762/60/574
f 541/60/575 763/60/575 762/60/575 542/60/575
f 815/60/576 540/60/576 558/60/576 817/60/576
f 904/60/577 521/60/577 765/60/577 905/60/577
f 521/60/578 610/60/578 764/60/578 765/60/578
f 764/60/579 610/60/579 1361/60/579 614/60/579
f 905/60/580 765/60/580 536/60/580 906/60/580
f 536/60/581 765/60/581 764/60/581 528/60/581
f 528/60/582 764/60/582 614/60/582 518/60/582
f 518/60/583 768/60/583 770/60/583 528/60/583
f 528/60/584 770/60/584 769/60/584 536/60/584
f 531/60/585 530/60/585 527/60/585 769/60/585
f 608/60/586 536/60/586 769/60/586 527/60/586
f 900/60/587 906/60/587 536/60/587 608/60/587
f 632/60/588 778/60/588 777/60/588 631/60/588
f 631/60/589 777/60/589 776/60/589 630/60/589
f 616/60/590 775/60/590 776/60/590 633/60/590
f 589/60/591 602/60/591 775/60/591 616/60/591
f 590/60/592 603/60/592 779/60/592 771/60/592
f 598/60/593 774/60/593 773/60/593 597/60/593
f 590/60/594 771/60/594 774/60/594 598/60/594
f 595/60/595 587/60/595 772/60/595 773/60/595
f 588/60/596 602/60/596 772/60/596 587/60/596
f 568/60/597 570/60/597 874/60/597 861/60/597
f 575/60/598 779/60/598 878/60/598 877/60/598
f 794/60/599 572/60/599 876/60/599 875/60/599
f 572/60/600 575/60/600 877/60/600 876/60/600
f 779/60/601 603/60/601 879/60/601 878/60/601
f 786/60/602 569/60/602 563/60/602 785/60/602
f 563/60/603 565/60/603 784/60/603 785/60/603
f 565/60/604 561/60/604 783/60/604 784/60/604
f 561/60/605 567/60/605 782/60/605 783/60/605
f 567/60/606 559/60/606 781/60/606 782/60/606
f 780/60/607 781/60/607 559/60/607 545/60/607
f 880/60/608 562/60/608 568/60/608 861/60/608
f 797/60/609 787/60/609 883/60/609 884/60/609
f 882/60/610 883/60/610 787/60/610 788/60/610
f 881/60/611 882/60/611 788/60/611 789/60/611
f 818/60/612 869/60/612 881/60/612 789/60/612
f 792/60/613 569/60/613 786/60/613 791/60/613
f 793/60/614 571/60/614 569/60/614 792/60/614
f 795/60/615 796/60/615 574/60/615 573/60/615
f 571/60/616 793/60/616 796/60/616 795/60/616
f 570/60/617 794/60/617 875/60/617 874/60/617
f 571/60/618 795/60/618 794/60/618 570/60/618
f 603/60/619 797/60/619 884/60/619 879/60/619
f 564/60/620 562/60/620 880/60/620 790/60/620
f 723/60/621 722/60/621 800/60/621 801/60/621
f 721/60/622 720/60/622 798/60/622 799/60/622
f 724/60/623 723/60/623 801/60/623 802/60/623
f 722/60/624 721/60/624 799/60/624 800/60/624
f 551/60/625 798/60/625 720/60/625 550/60/625
f 820/60/626 819/60/626 804/60/626 803/60/626
f 821/60/627 820/60/627 803/60/627 805/60/627
f 805/60/628 803/60/628 806/60/628 808/60/628
f 803/60/629 804/60/629 807/60/629 806/60/629
f 808/60/630 806/60/630 809/60/630 811/60/630
f 806/60/631 807/60/631 810/60/631 809/60/631
f 821/60/632 805/60/632 763/60/632 817/60/632
f 763/60/633 805/60/633 808/60/633 762/60/633
f 762/60/634 808/60/634 811/60/634 646/60/634
f 660/60/635 646/60/635 811/60/635 814/60/635
f 809/60/636 812/60/636 814/60/636 811/60/636
f 810/60/637 813/60/637 812/60/637 809/60/637
f 818/60/638 819/60/638 564/60/638 790/60/638
f 788/60/639 807/60/639 804/60/639 789/60/639
f 787/60/640 810/60/640 807/60/640 788/60/640
f 787/60/641 797/60/641 603/60/641 810/60/641
f 813/60/642 810/60/642 603/60/642 661/60/642
f 789/60/643 804/60/643 819/60/643 818/60/643
f 566/60/644 821/60/644 817/60/644 558/60/644
f 566/60/645 560/60/645 820/60/645 821/60/645
f 560/60/646 564/60/646 819/60/646 820/60/646
f 790/60/647 880/60/647 869/60/647 818/60/647
f 541/60/648 815/60/648 817/60/648 763/60/648
f 540/60/649 815/60/649 816/60/649 545/60/649
f 659/60/652 641/60/652 823/60/652 822/60/652
f 672/60/653 647/60/653 825/60/653 824/60/653
f 647/60/654 655/60/654 826/60/654 825/60/654
f 655/60/655 658/60/655 827/60/655 826/60/655
f 658/60/656 659/60/656 822/60/656 827/60/656
f 641/60/657 672/60/657 824/60/657 823/60/657
f 648/60/662 649/60/662 829/60/662 828/60/662
f 649/60/663 650/60/663 830/60/663 829/60/663
f 650/60/664 651/60/664 831/60/664 830/60/664
f 735/60/665 652/60/665 833/60/665 832/60/665
f 653/60/666 648/60/666 828/60/666 834/60/666
f 654/60/667 653/60/667 834/60/667 835/60/667
f 1572/60/668 654/60/668 835/60/668 1378/60/668
f 652/60/669 1573/60/669 1381/60/669 833/60/669
f 651/60/670 735/60/670 832/60/670 831/60/670
f 657/60/673 656/60/673 836/60/673 837/60/673
f 656/60/674 664/60/674 838/60/674 836/60/674
f 664/60/675 705/60/675 839/60/675 838/60/675
f 665/60/676 657/60/676 837/60/676 840/60/676
f 701/60/677 665/60/677 840/60/677 841/60/677
f 705/60/678 701/60/678 841/60/678 839/60/678
f 669/60/679 704/60/679 845/60/679 844/60/679
f 843/60/682 669/60/682 842/60/682
f 669/60/683 844/60/683 842/60/683
f 845/60/684 704/60/684 846/60/684
f 704/60/685 708/60/685 847/60/685 846/60/685
f 708/60/686 848/60/686 709/60/686 847/60/686
f 851/60/687 684/60/687 637/60/687 854/60/687
f 857/60/688 683/60/688 684/60/688 851/60/688
f 860/60/689 682/60/689 683/60/689 857/60/689
f 674/60/690 858/60/690 855/60/690 675/60/690
f 858/60/691 859/60/691 856/60/691 855/60/691
f 859/60/692 860/60/692 857/60/692 856/60/692
f 675/60/693 855/60/693 849/60/693 676/60/693
f 855/60/687 856/60/687 850/60/687 849/60/687
f 856/60/688 857/60/688 851/60/688 850/60/688
f 676/60/694 849/60/694 852/60/694 1379/60/694
f 849/60/687 850/60/687 853/60/687 852/60/687
f 850/60/687 851/60/687 854/60/687 853/60/687
f 674/60/695 673/60/695 677/60/695 858/60/695
f 678/60/696 859/60/696 858/60/696 677/60/696
f 679/60/697 860/60/697 859/60/697 678/60/697
f 685/60/698 692/60/698 693/60/698 686/60/698
f 686/60/494 693/60/494 694/60/494 687/60/494
f 687/60/494 694/60/494 695/60/494 688/60/494
f 688/60/494 695/60/494 639/60/494 638/60/494
f 863/60/699 864/60/699 887/60/699 889/60/699
f 872/60/700 871/60/700 890/60/700 888/60/700
f 861/60/701 862/60/701 892/60/701 893/60/701
f 871/60/702 870/60/702 891/60/702 890/60/702
f 870/60/703 869/60/703 894/60/703 891/60/703
f 868/60/704 861/60/704 893/60/704 897/60/704
f 862/60/705 861/60/705 874/60/705
f 864/60/706 863/60/706 875/60/706 876/60/706
f 865/60/707 864/60/707 876/60/707 877/60/707
f 867/60/708 866/60/708 878/60/708 879/60/708
f 866/60/709 865/60/709 877/60/709 878/60/709
f 861/60/710 868/60/710 880/60/710
f 869/60/711 870/60/711 881/60/711
f 870/60/712 871/60/712 882/60/712 881/60/712
f 871/60/713 872/60/713 883/60/713 882/60/713
f 872/60/714 873/60/714 884/60/714 883/60/714
f 863/60/715 862/60/715 874/60/715 875/60/715
f 873/60/716 867/60/716 879/60/716 884/60/716
f 868/60/717 869/60/717 880/60/717
f 896/60/718 886/60/718 885/60/718 895/60/718
f 887/60/719 885/60/719 886/60/719 888/60/719
f 887/60/720 888/60/720 890/60/720 889/60/720
f 890/60/721 891/60/721 892/60/721 889/60/721
f 892/60/722 891/60/722 894/60/722 893/60/722
f 897/60/723 893/60/723 894/60/723
f 873/60/724 872/60/724 888/60/724 886/60/724
f 864/60/725 865/60/725 885/60/725 887/60/725
f 862/60/726 863/60/726 889/60/726 892/60/726
f 866/60/727 867/60/727 896/60/727 895/60/727
f 867/60/728 873/60/728 886/60/728 896/60/728
f 865/60/729 866/60/729 895/60/729 885/60/729
f 869/60/730 868/60/730 897/60/730 894/60/730
f 679/60/731 680/60/731 860/60/731
f 681/60/732 682/60/732 860/60/732 680/60/732
f 767/60/733 522/60/733 523/60/733 524/60/733 554/60/733 756/60/733 555/60/733 609/60/733 766/60/733
f 524/60/734 523/60/734 898/60/734 899/60/734
f 523/60/735 522/60/735 900/60/735 898/60/735
f 555/60/736 756/60/736 901/60/736 902/60/736
f 554/60/737 524/60/737 899/60/737 903/60/737
f 609/60/738 555/60/738 902/60/738 904/60/738
f 756/60/739 554/60/739 903/60/739 901/60/739
f 766/60/740 609/60/740 904/60/740 905/60/740
f 522/60/741 767/60/741 906/60/741 900/60/741
f 767/60/742 766/60/742 905/60/742 906/60/742
f 519/60/743 1267/60/743 535/60/743 532/60/743
f 532/60/744 535/60/744 534/60/744 531/60/744
f 531/60/745 534/60/745 533/60/745 530/60/745
f 125/60/746 382/60/746 768/60/746 519/60/746
f 144/60/747 537/60/747 538/60/747 145/60/747
f 145/60/748 538/60/748 539/60/748 146/60/748
f 430/60/749 816/60/749 546/60/749 153/60/749
f 153/60/750 546/60/750 547/60/750 154/60/750
f 158/60/751 551/60/751 552/60/751 159/60/751
f 159/60/752 552/60/752 553/60/752 160/60/752
f 183/60/753 576/60/753 574/60/753 181/60/753
f 184/60/754 577/60/754 576/60/754 183/60/754
f 185/60/755 578/60/755 577/60/755 184/60/755
f 186/60/756 579/60/756 578/60/756 185/60/756
f 187/60/757 580/60/757 579/60/757 186/60/757
f 188/60/758 581/60/758 580/60/758 187/60/758
f 189/60/759 582/60/759 581/60/759 188/60/759
f 190/60/760 583/60/760 582/60/760 189/60/760
f 191/60/761 584/60/761 583/60/761 190/60/761
f 192/60/762 585/60/762 584/60/762 191/60/762
f 208/60/763 601/60/763 585/60/763 192/60/763
f 146/60/764 539/60/764 1266/60/764 123/60/764
f 160/60/765 553/60/765 537/60/765 144/60/765
f 227/60/766 619/60/766 601/60/766 208/60/766
f 229/60/767 621/60/767 619/60/767 227/60/767
f 230/60/746 231/60/746 623/60/746 622/60/746
f 231/60/768 623/60/768 621/60/768 229/60/768
f 234/60/746 230/60/746 622/60/746 626/60/746
f 237/60/746 234/60/746 626/60/746 629/60/746
f 240/60/746 237/60/746 629/60/746 632/60/746
f 243/60/746 392/60/746 778/60/746 635/60/746
f 249/60/746 245/60/746 636/60/746 639/60/746
f 247/60/746 248/60/746 638/60/746 637/60/746
f 252/60/746 308/60/746 696/60/746 640/60/746
f 308/60/746 243/60/746 635/60/746 696/60/746
f 245/60/746 321/60/746 709/60/746 636/60/746
f 324/60/769 712/60/769 713/60/769 325/60/769
f 325/60/770 713/60/770 724/60/770 336/60/770
f 154/60/771 547/60/771 725/60/771 337/60/771
f 337/60/772 725/60/772 726/60/772 338/60/772
f 338/60/773 726/60/773 727/60/773 339/60/773
f 339/60/774 727/60/774 728/60/774 340/60/774
f 341/60/775 729/60/775 712/60/775 324/60/775
f 340/60/776 728/60/776 729/60/776 341/60/776
f 356/60/746 342/60/746 730/60/746 743/60/746
f 368/60/746 356/60/746 743/60/746 754/60/746
f 124/60/746 222/60/746 614/60/746 518/60/746
f 382/60/746 124/60/746 518/60/746 768/60/746
f 392/60/746 240/60/746 632/60/746 778/60/746
f 394/60/777 780/60/777 545/60/777 152/60/777
f 395/60/778 781/60/778 780/60/778 394/60/778
f 396/60/779 782/60/779 781/60/779 395/60/779
f 397/60/780 783/60/780 782/60/780 396/60/780
f 398/60/781 784/60/781 783/60/781 397/60/781
f 399/60/782 785/60/782 784/60/782 398/60/782
f 400/60/783 786/60/783 785/60/783 399/60/783
f 405/60/784 791/60/784 786/60/784 400/60/784
f 406/60/785 792/60/785 791/60/785 405/60/785
f 407/60/786 793/60/786 792/60/786 406/60/786
f 410/60/787 796/60/787 793/60/787 407/60/787
f 181/60/788 574/60/788 796/60/788 410/60/788
f 413/60/789 799/60/789 798/60/789 412/60/789
f 414/60/790 800/60/790 799/60/790 413/60/790
f 415/60/791 801/60/791 800/60/791 414/60/791
f 416/60/792 802/60/792 801/60/792 415/60/792
f 336/60/793 724/60/793 802/60/793 416/60/793
f 412/60/794 798/60/794 551/60/794 158/60/794
f 152/60/795 545/60/795 816/60/795 430/60/795
f 321/60/746 464/60/746 848/60/746 709/60/746
f 470/60/746 247/60/746 637/60/746 854/60/746
f 468/60/746 469/60/746 853/60/746 852/60/746
f 469/60/746 470/60/746 854/60/746 853/60/746
f 248/60/746 249/60/746 639/60/746 638/60/746
f 126/60/746 125/60/746 519/60/746 1267/60/746
f 993/60/796 999/60/796 1262/60/796 1258/60/796
f 994/60/797 913/60/797 912/60/797 993/60/797
f 995/60/798 914/60/798 913/60/798 994/60/798
f 907/60/799 912/60/799 913/60/799 916/60/799
f 914/60/800 917/60/800 916/60/800 913/60/800
f 1139/60/801 919/60/801 918/60/801 1138/60/801
f 382/60/802 125/60/802 919/60/802 1139/60/802
f 940/60/803 907/60/803 916/60/803 924/60/803
f 916/60/804 917/60/804 920/60/804 924/60/804
f 921/60/805 925/60/805 924/60/805 920/60/805
f 922/60/806 926/60/806 925/60/806 921/60/806
f 926/60/807 922/60/807 126/60/807 123/60/807
f 1183/60/808 928/60/808 933/60/808 1184/60/808
f 929/60/809 934/60/809 933/60/809 928/60/809
f 929/60/810 1020/60/810 1120/60/810 930/60/810 1127/60/810 934/60/810
f 1128/60/811 935/60/811 934/60/811 1127/60/811
f 1128/60/812 944/60/812 931/60/812 1129/60/812
f 939/60/813 938/60/813 907/60/813 940/60/813
f 937/60/814 912/60/814 907/60/814 938/60/814
f 1131/60/815 999/60/815 937/60/815 1130/60/815
f 1130/60/816 1129/60/816 931/60/816 943/60/816
f 932/60/817 946/60/817 945/60/817 927/60/817
f 954/60/818 948/60/818 947/60/818 953/60/818
f 952/60/819 950/60/819 949/60/819 951/60/819
f 948/60/820 952/60/820 951/60/820 947/60/820
f 946/60/821 954/60/821 953/60/821 945/60/821
f 950/60/822 956/60/822 955/60/822 949/60/822
f 956/60/823 958/60/823 957/60/823 955/60/823
f 1163/60/824 960/60/824 959/60/824 1162/60/824
f 962/60/825 959/60/825 960/60/825 961/60/825
f 962/60/826 961/60/826 963/60/826 978/60/826
f 967/60/827 968/60/827 969/60/827 966/60/827
f 965/60/828 966/60/828 969/60/828 970/60/828
f 971/60/829 979/60/829 965/60/829 970/60/829
f 972/60/830 987/60/830 979/60/830 971/60/830
f 980/60/831 987/60/831 972/60/831 988/60/831
f 981/60/832 991/60/832 974/60/832 982/60/832
f 974/60/833 991/60/833 973/60/833 975/60/833
f 989/60/834 976/60/834 983/60/834 1141/60/834
f 1142/60/835 1141/60/835 983/60/835 984/60/835
f 1140/60/836 978/60/836 986/60/836 1143/60/836
f 1143/60/837 986/60/837 982/60/837 1142/60/837
f 964/60/838 986/60/838 978/60/838 963/60/838
f 982/60/839 986/60/839 964/60/839 981/60/839
f 964/60/840 965/60/840 979/60/840 981/60/840
f 1140/60/841 1147/60/841 962/60/841 978/60/841
f 979/60/842 987/60/842 991/60/842 981/60/842
f 973/60/843 991/60/843 987/60/843 980/60/843
f 998/60/844 1000/60/844 1263/60/844 1261/60/844
f 908/60/845 1263/60/845 1000/60/845 992/60/845
f 943/60/846 992/60/846 1000/60/846 998/60/846
f 1260/60/847 1262/60/847 999/60/847 1131/60/847
f 1259/60/848 995/60/848 994/60/848 1257/60/848
f 1257/60/849 994/60/849 993/60/849 1258/60/849
f 912/60/850 937/60/850 999/60/850 993/60/850
f 989/60/851 975/60/851 1001/60/851 1144/60/851
f 1003/60/852 1001/60/852 975/60/852 973/60/852
f 980/60/853 988/60/853 1005/60/853 1004/60/853
f 1004/60/854 1005/60/854 1007/60/854 1006/60/854
f 1006/60/855 1007/60/855 231/60/855 230/60/855
f 1144/60/856 1001/60/856 1012/60/856 1145/60/856
f 1001/60/857 1003/60/857 1010/60/857 1012/60/857
f 1003/60/858 973/60/858 1008/60/858 1010/60/858
f 973/60/859 980/60/859 1004/60/859 1008/60/859
f 1146/60/860 1015/60/860 1014/60/860 1145/60/860
f 392/60/861 243/60/861 1015/60/861 1146/60/861
f 237/60/134 240/60/134 1013/60/134 1011/60/134
f 1011/60/862 1013/60/862 1012/60/862 1010/60/862
f 1009/60/863 1011/60/863 1010/60/863 1008/60/863
f 1006/60/864 1009/60/864 1008/60/864 1004/60/864
f 230/60/865 234/60/865 1009/60/865 1006/60/865
f 234/60/866 237/60/866 1011/60/866 1009/60/866
f 1201/60/867 251/60/867 250/60/867 1017/60/867
f 1106/60/868 1018/60/868 1199/60/868 1200/60/868
f 1018/60/869 1019/60/869 1198/60/869 1199/60/869
f 1019/60/870 1020/60/870 1197/60/870 1198/60/870
f 1021/60/871 1035/60/871 1197/60/871 1020/60/871
f 1190/60/872 1197/60/872 1035/60/872 1195/60/872
f 1194/60/873 1195/60/873 1035/60/873 1182/60/873 1180/60/873 1181/60/873 1036/60/873
f 1190/60/874 1191/60/874 1196/60/874 1197/60/874
f 1193/60/875 1194/60/875 1036/60/875 1038/60/875
f 1036/60/876 1205/60/876 1204/60/876 1038/60/876
f 1205/60/877 1036/60/877 1074/60/877 1073/60/877 1037/60/877 1208/60/877
f 1043/60/878 1042/60/878 1208/60/878 1037/60/878
f 1043/60/879 1066/60/879 1065/60/879 1042/60/879
f 1210/60/880 1212/60/880 1065/60/880 1066/60/880
f 1214/60/881 1045/60/881 1041/60/881 1081/60/881
f 1077/60/882 1076/60/882 1042/60/882 1065/60/882
f 1209/60/883 1208/60/883 1042/60/883 1076/60/883
f 1046/60/157 245/60/157 249/60/157 1070/60/157
f 1045/60/157 1046/60/157 1070/60/157 1069/60/157
f 1041/60/157 1045/60/157 1069/60/157 1068/60/157
f 1064/60/157 1041/60/157 1068/60/157 1067/60/157
f 1206/60/884 1064/60/884 1067/60/884 1060/60/884
f 1057/60/885 1056/60/885 1060/60/885 1061/60/885
f 1058/60/157 1057/60/157 1061/60/157 1062/60/157
f 1059/60/157 1058/60/157 1062/60/157 1063/60/157
f 247/60/157 1059/60/157 1063/60/157 248/60/157
f 1196/60/886 1191/60/886 1048/60/886 1049/60/886
f 1191/60/887 1192/60/887 1052/60/887 1048/60/887
f 1192/60/888 1193/60/888 1053/60/888 1052/60/888
f 1193/60/889 1038/60/889 1054/60/889 1053/60/889
f 1038/60/890 1204/60/890 1055/60/890 1054/60/890
f 1204/60/891 1206/60/891 1056/60/891 1055/60/891
f 1060/60/892 1056/60/892 1206/60/892
f 1202/60/893 1196/60/893 1049/60/893 1050/60/893
f 1203/60/894 1202/60/894 1050/60/894 1051/60/894
f 244/60/895 1203/60/895 1051/60/895 246/60/895
f 1210/60/896 1072/60/896 1071/60/896 1211/60/896
f 1211/60/171 1071/60/171 308/60/171 252/60/171
f 1015/60/897 243/60/897 308/60/897 1071/60/897
f 1014/60/898 1015/60/898 1071/60/898 1072/60/898
f 1014/60/899 1072/60/899 1210/60/899 1002/60/899
f 1002/60/900 1210/60/900 1066/60/900 976/60/900
f 976/60/901 1066/60/901 1043/60/901 983/60/901
f 983/60/902 1043/60/902 1037/60/902 984/60/902
f 984/60/903 1037/60/903 1073/60/903 985/60/903
f 985/60/904 1073/60/904 1074/60/904 977/60/904
f 977/60/905 1074/60/905 1036/60/905 990/60/905
f 1207/60/906 1209/60/906 1076/60/906 1080/60/906
f 1081/60/907 1080/60/907 1076/60/907 1077/60/907
f 1212/60/908 1213/60/908 1077/60/908 1065/60/908
f 1041/60/909 1064/60/909 1080/60/909 1081/60/909
f 1206/60/910 1207/60/910 1080/60/910 1064/60/910
f 1213/60/911 1214/60/911 1081/60/911 1077/60/911
f 245/60/912 1046/60/912 1215/60/912 321/60/912
f 1214/60/913 1215/60/913 1046/60/913 1045/60/913
f 935/60/914 936/60/914 1084/60/914 1083/60/914
f 1087/60/915 1091/60/915 1092/60/915 1089/60/915
f 1089/60/916 1092/60/916 1090/60/916 1088/60/916
f 1088/60/917 1090/60/917 1086/60/917 1085/60/917
f 1083/60/193 1084/60/193 1091/60/193 1087/60/193
f 937/60/918 1093/60/918 1084/60/918 936/60/918
f 1091/60/195 1084/60/195 1093/60/195 1094/60/195
f 1092/60/919 1091/60/919 1094/60/919 1095/60/919
f 1090/60/920 1092/60/920 1095/60/920 1096/60/920
f 1086/60/921 1090/60/921 1096/60/921 1097/60/921
f 1098/60/922 934/60/922 935/60/922 1083/60/922
f 1099/60/200 1098/60/200 1083/60/200 1087/60/200
f 1100/60/923 1099/60/923 1087/60/923 1089/60/923
f 1101/60/924 1100/60/924 1089/60/924 1088/60/924
f 1102/60/925 1101/60/925 1088/60/925 1085/60/925
f 1017/60/926 250/60/926 342/60/926 1103/60/926
f 1019/60/927 1018/60/927 1104/60/927 1105/60/927
f 1106/60/928 1017/60/928 1103/60/928 1108/60/928
f 1018/60/929 1106/60/929 1108/60/929 1104/60/929
f 1017/60/930 1106/60/930 1200/60/930 1201/60/930
f 1113/60/931 1112/60/931 1109/60/931 1110/60/931
f 1112/60/932 357/60/932 349/60/932 1109/60/932
f 1103/60/933 342/60/933 356/60/933 1111/60/933
f 1124/60/934 368/60/934 357/60/934 1112/60/934
f 1108/60/935 1103/60/935 1111/60/935 1114/60/935
f 1123/60/936 1124/60/936 1112/60/936 1113/60/936
f 220/60/937 997/60/937 1109/60/937 349/60/937
f 997/60/938 908/60/938 1110/60/938 1109/60/938
f 992/60/939 1115/60/939 1110/60/939 908/60/939
f 943/60/940 1116/60/940 1115/60/940 992/60/940
f 1117/60/941 1116/60/941 943/60/941 931/60/941
f 944/60/942 1118/60/942 1117/60/942 931/60/942
f 930/60/943 1119/60/943 1118/60/943 944/60/943
f 1019/60/944 1105/60/944 1120/60/944 1020/60/944
f 1119/60/945 930/60/945 1120/60/945 1105/60/945
f 1104/60/946 1108/60/946 1114/60/946 1121/60/946
f 1105/60/947 1104/60/947 1121/60/947 1119/60/947
f 1125/60/948 1121/60/948 1114/60/948 1123/60/948
f 1110/60/949 1115/60/949 1122/60/949 1113/60/949
f 1122/60/950 1125/60/950 1123/60/950 1113/60/950
f 1114/60/951 1111/60/951 1124/60/951 1123/60/951
f 1111/60/952 356/60/952 368/60/952 1124/60/952
f 1118/60/953 1119/60/953 1121/60/953 1125/60/953
f 1117/60/954 1118/60/954 1125/60/954 1122/60/954
f 1116/60/955 1117/60/955 1122/60/955 1115/60/955
f 1261/60/956 1260/60/956 1131/60/956 998/60/956
f 937/60/957 936/60/957 1129/60/957 1130/60/957
f 998/60/958 1131/60/958 1130/60/958 943/60/958
f 935/60/959 1128/60/959 1129/60/959 936/60/959
f 944/60/960 1128/60/960 1127/60/960 930/60/960
f 1021/60/961 1020/60/961 929/60/961 1132/60/961
f 928/60/962 1133/60/962 1132/60/962 929/60/962
f 1183/60/963 927/60/963 945/60/963 1185/60/963
f 1263/60/964 908/60/964 1135/60/964 1264/60/964
f 908/60/965 997/60/965 1134/60/965 1135/60/965
f 1134/60/966 997/60/966 220/60/966 222/60/966
f 1264/60/967 1135/60/967 923/60/967 1265/60/967
f 923/60/246 1135/60/246 1134/60/246 915/60/246
f 915/60/968 1134/60/968 222/60/968 124/60/968
f 124/60/969 382/60/969 1139/60/969 915/60/969
f 915/60/970 1139/60/970 1138/60/970 923/60/970
f 918/60/971 917/60/971 914/60/971 1138/60/971
f 995/60/972 923/60/972 1138/60/972 914/60/972
f 1259/60/973 1265/60/973 923/60/973 995/60/973
f 240/60/974 392/60/974 1146/60/974 1013/60/974
f 1013/60/975 1146/60/975 1145/60/975 1012/60/975
f 1002/60/976 1144/60/976 1145/60/976 1014/60/976
f 976/60/977 989/60/977 1144/60/977 1002/60/977
f 977/60/978 990/60/978 1147/60/978 1140/60/978
f 985/60/979 1143/60/979 1142/60/979 984/60/979
f 977/60/980 1140/60/980 1143/60/980 985/60/980
f 982/60/981 974/60/981 1141/60/981 1142/60/981
f 975/60/982 989/60/982 1141/60/982 974/60/982
f 955/60/983 957/60/983 1226/60/983 1236/60/983
f 962/60/984 1147/60/984 1238/60/984 1237/60/984
f 1162/60/985 959/60/985 1228/60/985 1227/60/985
f 959/60/986 962/60/986 1237/60/986 1228/60/986
f 1147/60/987 990/60/987 1239/60/987 1238/60/987
f 1154/60/988 956/60/988 950/60/988 1153/60/988
f 950/60/989 952/60/989 1152/60/989 1153/60/989
f 952/60/990 948/60/990 1151/60/990 1152/60/990
f 948/60/991 954/60/991 1150/60/991 1151/60/991
f 954/60/992 946/60/992 1149/60/992 1150/60/992
f 1148/60/993 1149/60/993 946/60/993 932/60/993
f 1240/60/994 949/60/994 955/60/994 1236/60/994
f 1165/60/995 1155/60/995 1243/60/995 1235/60/995
f 1242/60/996 1243/60/996 1155/60/996 1156/60/996
f 1234/60/997 1242/60/997 1156/60/997 1157/60/997
f 1186/60/998 1241/60/998 1234/60/998 1157/60/998
f 1160/60/999 956/60/999 1154/60/999 1159/60/999
f 1161/60/1000 958/60/1000 956/60/1000 1160/60/1000
f 1163/60/1001 1164/60/1001 961/60/1001 960/60/1001
f 958/60/1002 1161/60/1002 1164/60/1002 1163/60/1002
f 957/60/1003 1162/60/1003 1227/60/1003 1226/60/1003
f 958/60/1004 1163/60/1004 1162/60/1004 957/60/1004
f 990/60/1005 1165/60/1005 1235/60/1005 1239/60/1005
f 951/60/1006 949/60/1006 1240/60/1006 1158/60/1006
f 1096/60/1007 1095/60/1007 1168/60/1007 1169/60/1007
f 1094/60/287 1093/60/287 1166/60/287 1167/60/287
f 1097/60/1008 1096/60/1008 1169/60/1008 1170/60/1008
f 1095/60/287 1094/60/287 1167/60/287 1168/60/287
f 938/60/1009 1166/60/1009 1093/60/1009 937/60/1009
f 1188/60/1010 1187/60/1010 1172/60/1010 1171/60/1010
f 1189/60/1011 1188/60/1011 1171/60/1011 1173/60/1011
f 1173/60/1012 1171/60/1012 1174/60/1012 1176/60/1012
f 1171/60/1013 1172/60/1013 1175/60/1013 1174/60/1013
f 1176/60/1014 1174/60/1014 1177/60/1014 1179/60/1014
f 1174/60/1015 1175/60/1015 1178/60/1015 1177/60/1015
f 1189/60/1016 1173/60/1016 1133/60/1016 1185/60/1016
f 1133/60/1017 1173/60/1017 1176/60/1017 1132/60/1017
f 1132/60/1018 1176/60/1018 1179/60/1018 1021/60/1018
f 1035/60/1019 1021/60/1019 1179/60/1019 1182/60/1019
f 1177/60/1020 1180/60/1020 1182/60/1020 1179/60/1020
f 1178/60/1021 1181/60/1021 1180/60/1021 1177/60/1021
f 1186/60/1022 1187/60/1022 951/60/1022 1158/60/1022
f 1156/60/1023 1175/60/1023 1172/60/1023 1157/60/1023
f 1155/60/1024 1178/60/1024 1175/60/1024 1156/60/1024
f 1155/60/1025 1165/60/1025 990/60/1025 1178/60/1025
f 1181/60/1026 1178/60/1026 990/60/1026 1036/60/1026
f 1157/60/1027 1172/60/1027 1187/60/1027 1186/60/1027
f 953/60/1028 1189/60/1028 1185/60/1028 945/60/1028
f 953/60/1029 947/60/1029 1188/60/1029 1189/60/1029
f 947/60/1030 951/60/1030 1187/60/1030 1188/60/1030
f 1158/60/1031 1240/60/1031 1241/60/1031 1186/60/1031
f 928/60/1032 1183/60/1032 1185/60/1032 1133/60/1032
f 927/60/1033 1183/60/1033 1184/60/1033 932/60/1033
f 1034/60/1036 1016/60/1036 1191/60/1036 1190/60/1036
f 1047/60/1037 1022/60/1037 1193/60/1037 1192/60/1037
f 1022/60/1038 1030/60/1038 1194/60/1038 1193/60/1038
f 1030/60/1039 1033/60/1039 1195/60/1039 1194/60/1039
f 1033/60/1040 1034/60/1040 1190/60/1040 1195/60/1040
f 1016/60/1041 1047/60/1041 1192/60/1041 1191/60/1041
f 1023/60/1046 1024/60/1046 1197/60/1046 1196/60/1046
f 1024/60/1047 1025/60/1047 1198/60/1047 1197/60/1047
f 1025/60/1048 1026/60/1048 1199/60/1048 1198/60/1048
f 1107/60/1049 1027/60/1049 1201/60/1049 1200/60/1049
f 1028/60/1050 1023/60/1050 1196/60/1050 1202/60/1050
f 1029/60/1051 1028/60/1051 1202/60/1051 1203/60/1051
f 450/60/1052 1029/60/1052 1203/60/1052 244/60/1052
f 1027/60/1053 451/60/1053 251/60/1053 1201/60/1053
f 1026/60/1054 1107/60/1054 1200/60/1054 1199/60/1054
f 1032/60/1057 1031/60/1057 1204/60/1057 1205/60/1057
f 1031/60/1058 1039/60/1058 1206/60/1058 1204/60/1058
f 1039/60/1059 1079/60/1059 1207/60/1059 1206/60/1059
f 1040/60/1060 1032/60/1060 1205/60/1060 1208/60/1060
f 1075/60/1061 1040/60/1061 1208/60/1061 1209/60/1061
f 1079/60/1062 1075/60/1062 1209/60/1062 1207/60/1062
f 1044/60/1063 1078/60/1063 1213/60/1063 1212/60/1063
f 1211/60/1066 1044/60/1066 1210/60/1066
f 1044/60/1067 1212/60/1067 1210/60/1067
f 1213/60/1068 1078/60/1068 1214/60/1068
f 1078/60/1069 1082/60/1069 1215/60/1069 1214/60/1069
f 1082/60/1070 464/60/1070 321/60/1070 1215/60/1070
f 1218/60/1071 1059/60/1071 247/60/1071 470/60/1071
f 1221/60/352 1058/60/352 1059/60/352 1218/60/352
f 1224/60/1072 1057/60/1072 1058/60/1072 1221/60/1072
f 1049/60/1073 1222/60/1073 1219/60/1073 1050/60/1073
f 1222/60/1074 1223/60/1074 1220/60/1074 1219/60/1074
f 1223/60/1075 1224/60/1075 1221/60/1075 1220/60/1075
f 1050/60/1071 1219/60/1071 1216/60/1071 1051/60/1071
f 1219/60/1071 1220/60/1071 1217/60/1071 1216/60/1071
f 1220/60/352 1221/60/352 1218/60/352 1217/60/352
f 1051/60/1071 1216/60/1071 468/60/1071 246/60/1071
f 1216/60/1071 1217/60/1071 469/60/1071 468/60/1071
f 1217/60/1071 1218/60/1071 470/60/1071 469/60/1071
f 1049/60/157 1048/60/157 1052/60/157 1222/60/157
f 1053/60/157 1223/60/157 1222/60/157 1052/60/157
f 1054/60/157 1224/60/157 1223/60/157 1053/60/157
f 1060/60/157 1067/60/157 1068/60/157 1061/60/157
f 1061/60/157 1068/60/157 1069/60/157 1062/60/157
f 1062/60/157 1069/60/157 1070/60/157 1063/60/157
f 1063/60/157 1070/60/157 249/60/157 248/60/157
f 1227/60/1076 1228/60/1076 1246/60/1076 1248/60/1076
f 1243/60/1077 1242/60/1077 1249/60/1077 1247/60/1077
f 1225/60/1078 1226/60/1078 1251/60/1078 1252/60/1078
f 1242/60/1079 1234/60/1079 1250/60/1079 1249/60/1079
f 1234/60/1080 1233/60/1080 1253/60/1080 1250/60/1080
f 1232/60/1081 1225/60/1081 1252/60/1081 1256/60/1081
f 1226/60/1082 1225/60/1082 1236/60/1082
f 1229/60/1083 1228/60/1083 1237/60/1083
f 1231/60/1084 1230/60/1084 1238/60/1084 1239/60/1084
f 1230/60/1085 1229/60/1085 1237/60/1085 1238/60/1085
f 1225/60/1086 1232/60/1086 1240/60/1086 1236/60/1086
f 1233/60/1087 1234/60/1087 1241/60/1087
f 1235/60/1088 1231/60/1088 1239/60/1088
f 1232/60/1089 1233/60/1089 1241/60/1089 1240/60/1089
f 1255/60/1090 1245/60/1090 1244/60/1090 1254/60/1090
f 1246/60/1091 1244/60/1091 1245/60/1091 1247/60/1091
f 1246/60/1092 1247/60/1092 1249/60/1092 1248/60/1092
f 1249/60/1093 1250/60/1093 1251/60/1093 1248/60/1093
f 1251/60/1094 1250/60/1094 1253/60/1094 1252/60/1094
f 1256/60/1095 1252/60/1095 1253/60/1095
f 1235/60/1096 1243/60/1096 1247/60/1096 1245/60/1096
f 1228/60/1097 1229/60/1097 1244/60/1097 1246/60/1097
f 1226/60/1098 1227/60/1098 1248/60/1098 1251/60/1098
f 1230/60/1099 1231/60/1099 1255/60/1099 1254/60/1099
f 1231/60/1100 1235/60/1100 1245/60/1100 1255/60/1100
f 1229/60/1101 1230/60/1101 1254/60/1101 1244/60/1101
f 1233/60/1102 1232/60/1102 1256/60/1102 1253/60/1102
f 1054/60/157 1055/60/157 1224/60/157
f 1056/60/1103 1057/60/1103 1224/60/1103 1055/60/1103
f 1137/60/1104 909/60/1104 910/60/1104 911/60/1104 941/60/1104 1126/60/1104 942/60/1104 996/60/1104 1136/60/1104
f 911/60/1105 910/60/1105 1257/60/1105 1258/60/1105
f 910/60/1106 909/60/1106 1259/60/1106 1257/60/1106
f 942/60/1107 1126/60/1107 1260/60/1107 1261/60/1107
f 941/60/1108 911/60/1108 1258/60/1108 1262/60/1108
f 996/60/1109 942/60/1109 1261/60/1109 1263/60/1109
f 1126/60/1110 941/60/1110 1262/60/1110 1260/60/1110
f 1136/60/1111 996/60/1111 1263/60/1111 1264/60/1111
f 909/60/1112 1137/60/1112 1265/60/1112 1259/60/1112
f 1137/60/1113 1136/60/1113 1264/60/1113 1265/60/1113
f 125/60/1114 126/60/1114 922/60/1114 919/60/1114
f 919/60/1115 922/60/1115 921/60/1115 918/60/1115
f 918/60/1116 921/60/1116 920/60/1116 917/60/1116
f 1354/60/1117 1633/60/1117 1637/60/1117 1360/60/1117
f 1355/60/1118 1354/60/1118 1273/60/1118 1274/60/1118
f 1356/60/1119 1355/60/1119 1274/60/1119 1275/60/1119
f 1268/60/1120 1277/60/1120 1274/60/1120 1273/60/1120
f 1275/60/1121 1274/60/1121 1277/60/1121 1278/60/1121
f 1507/60/1122 1506/60/1122 1279/60/1122 1280/60/1122
f 768/60/1123 1507/60/1123 1280/60/1123 519/60/1123
f 1301/60/1124 1285/60/1124 1277/60/1124 1268/60/1124
f 1277/60/1125 1285/60/1125 1281/60/1125 1278/60/1125
f 1282/60/1126 1281/60/1126 1285/60/1126 1286/60/1126
f 1283/60/1127 1282/60/1127 1286/60/1127 1287/60/1127
f 1287/60/1128 1266/60/1128 1267/60/1128 1283/60/1128
f 1551/60/1129 1552/60/1129 1294/60/1129 1289/60/1129
f 1290/60/1130 1289/60/1130 1294/60/1130 1295/60/1130
f 1290/60/1131 1295/60/1131 1495/60/1131 1291/60/1131 1488/60/1131 1386/60/1131
f 1496/60/1132 1495/60/1132 1295/60/1132 1296/60/1132
f 1496/60/1133 1497/60/1133 1292/60/1133 1305/60/1133
f 1300/60/1134 1301/60/1134 1268/60/1134 1299/60/1134
f 1298/60/1135 1299/60/1135 1268/60/1135 1273/60/1135
f 1499/60/1136 1498/60/1136 1298/60/1136 1360/60/1136
f 1498/60/1137 1304/60/1137 1292/60/1137 1497/60/1137
f 1293/60/1138 1288/60/1138 1306/60/1138 1307/60/1138
f 1315/60/1139 1314/60/1139 1308/60/1139 1309/60/1139
f 1313/60/1140 1312/60/1140 1310/60/1140 1311/60/1140
f 1309/60/1141 1308/60/1141 1312/60/1141 1313/60/1141
f 1307/60/1142 1306/60/1142 1314/60/1142 1315/60/1142
f 1311/60/1143 1310/60/1143 1316/60/1143 1317/60/1143
f 1317/60/1144 1316/60/1144 1318/60/1144 1319/60/1144
f 1531/60/1145 1530/60/1145 1320/60/1145 1321/60/1145
f 1323/60/1146 1322/60/1146 1321/60/1146 1320/60/1146
f 1323/60/1147 1339/60/1147 1324/60/1147 1322/60/1147
f 1328/60/1148 1327/60/1148 1330/60/1148 1329/60/1148
f 1326/60/1149 1331/60/1149 1330/60/1149 1327/60/1149
f 1332/60/1150 1331/60/1150 1326/60/1150 1340/60/1150
f 1333/60/1151 1332/60/1151 1340/60/1151 1348/60/1151
f 1341/60/1152 1349/60/1152 1333/60/1152 1348/60/1152
f 1342/60/1153 1343/60/1153 1335/60/1153 1352/60/1153
f 1335/60/1154 1336/60/1154 1334/60/1154 1352/60/1154
f 1350/60/1155 1509/60/1155 1344/60/1155 1337/60/1155
f 1510/60/1156 1345/60/1156 1344/60/1156 1509/60/1156
f 1508/60/1157 1511/60/1157 1347/60/1157 1339/60/1157
f 1511/60/1158 1510/60/1158 1343/60/1158 1347/60/1158
f 1325/60/1159 1324/60/1159 1339/60/1159 1347/60/1159
f 1343/60/1160 1342/60/1160 1325/60/1160 1347/60/1160
f 1325/60/1161 1342/60/1161 1340/60/1161 1326/60/1161
f 1508/60/1162 1339/60/1162 1323/60/1162 1515/60/1162
f 1340/60/1163 1342/60/1163 1352/60/1163 1348/60/1163
f 1334/60/1164 1341/60/1164 1348/60/1164 1352/60/1164
f 1359/60/1165 1636/60/1165 1638/60/1165 1362/60/1165
f 1269/60/1166 1353/60/1166 1362/60/1166 1638/60/1166
f 1304/60/1167 1359/60/1167 1362/60/1167 1353/60/1167
f 1635/60/1168 1499/60/1168 1360/60/1168 1637/60/1168
f 1634/60/1169 1632/60/1169 1355/60/1169 1356/60/1169
f 1632/60/1170 1633/60/1170 1354/60/1170 1355/60/1170
f 1273/60/1171 1354/60/1171 1360/60/1171 1298/60/1171
f 1350/60/1172 1512/60/1172 1363/60/1172 1336/60/1172
f 1365/60/1173 1334/60/1173 1336/60/1173 1363/60/1173
f 1341/60/1174 1366/60/1174 1367/60/1174 1349/60/1174
f 1366/60/1175 1368/60/1175 1369/60/1175 1367/60/1175
f 1368/60/1176 622/60/1176 623/60/1176 1369/60/1176
f 1512/60/1177 1513/60/1177 1374/60/1177 1363/60/1177
f 1363/60/1178 1374/60/1178 1372/60/1178 1365/60/1178
f 1365/60/1179 1372/60/1179 1370/60/1179 1334/60/1179
f 1334/60/1180 1370/60/1180 1366/60/1180 1341/60/1180
f 1514/60/1181 1513/60/1181 1376/60/1181 1377/60/1181
f 778/60/1182 1514/60/1182 1377/60/1182 635/60/1182
f 629/60/1183 1373/60/1183 1375/60/1183 632/60/1183
f 1373/60/1184 1372/60/1184 1374/60/1184 1375/60/1184
f 1371/60/1185 1370/60/1185 1372/60/1185 1373/60/1185
f 1368/60/1186 1366/60/1186 1370/60/1186 1371/60/1186
f 622/60/1187 1368/60/1187 1371/60/1187 626/60/1187
f 626/60/1188 1371/60/1188 1373/60/1188 629/60/1188
f 1569/60/1189 1383/60/1189 1380/60/1189 1381/60/1189
f 1472/60/1190 1568/60/1190 1567/60/1190 1384/60/1190
f 1384/60/1191 1567/60/1191 1566/60/1191 1385/60/1191
f 1385/60/1192 1566/60/1192 1565/60/1192 1386/60/1192
f 1387/60/1193 1386/60/1193 1565/60/1193 1401/60/1193
f 1558/60/1194 1563/60/1194 1401/60/1194 1565/60/1194
f 1562/60/1195 1402/60/1195 1549/60/1195 1548/60/1195 1550/60/1195 1401/60/1195 1563/60/1195
f 1558/60/1196 1565/60/1196 1564/60/1196 1559/60/1196
f 1561/60/1197 1404/60/1197 1402/60/1197 1562/60/1197
f 1402/60/1198 1404/60/1198 1574/60/1198 1575/60/1198
f 1575/60/1199 1578/60/1199 1403/60/1199 1439/60/1199 1440/60/1199 1402/60/1199
f 1409/60/1200 1403/60/1200 1578/60/1200 1408/60/1200
f 1409/60/1201 1408/60/1201 1431/60/1201 1432/60/1201
f 1580/60/1202 1432/60/1202 1431/60/1202 1582/60/1202
f 1584/60/1203 1447/60/1203 1407/60/1203 1411/60/1203
f 1443/60/1204 1431/60/1204 1408/60/1204 1442/60/1204
f 1579/60/1205 1442/60/1205 1408/60/1205 1578/60/1205
f 1412/60/1206 1436/60/1206 639/60/1206 636/60/1206
f 1411/60/1207 1435/60/1207 1436/60/1207 1412/60/1207
f 1407/60/1208 1434/60/1208 1435/60/1208 1411/60/1208
f 1430/60/1209 1433/60/1209 1434/60/1209 1407/60/1209
f 1576/60/1210 1426/60/1210 1433/60/1210 1430/60/1210
f 1423/60/1211 1427/60/1211 1426/60/1211 1422/60/1211
f 1424/60/1212 1428/60/1212 1427/60/1212 1423/60/1212
f 1425/60/494 1429/60/494 1428/60/494 1424/60/494
f 637/60/494 638/60/494 1429/60/494 1425/60/494
f 1564/60/1213 1415/60/1213 1414/60/1213 1559/60/1213
f 1559/60/1214 1414/60/1214 1418/60/1214 1560/60/1214
f 1560/60/1215 1418/60/1215 1419/60/1215 1561/60/1215
f 1561/60/1216 1419/60/1216 1420/60/1216 1404/60/1216
f 1404/60/1217 1420/60/1217 1421/60/1217 1574/60/1217
f 1574/60/1218 1421/60/1218 1422/60/1218 1576/60/1218
f 1426/60/1219 1576/60/1219 1422/60/1219
f 1570/60/1220 1416/60/1220 1415/60/1220 1564/60/1220
f 1571/60/1221 1417/60/1221 1416/60/1221 1570/60/1221
f 1378/60/1222 1379/60/1222 1417/60/1222 1571/60/1222
f 1580/60/1223 1581/60/1223 1437/60/1223 1438/60/1223
f 1581/60/1224 640/60/1224 696/60/1224 1437/60/1224
f 1377/60/1225 1437/60/1225 696/60/1225 635/60/1225
f 1376/60/1226 1438/60/1226 1437/60/1226 1377/60/1226
f 1376/60/1227 1364/60/1227 1580/60/1227 1438/60/1227
f 1364/60/1228 1337/60/1228 1432/60/1228 1580/60/1228
f 1337/60/1229 1344/60/1229 1409/60/1229 1432/60/1229
f 1344/60/1230 1345/60/1230 1403/60/1230 1409/60/1230
f 1345/60/1231 1346/60/1231 1439/60/1231 1403/60/1231
f 1346/60/1232 1338/60/1232 1440/60/1232 1439/60/1232
f 1338/60/1233 1351/60/1233 1402/60/1233 1440/60/1233
f 1577/60/1234 1446/60/1234 1442/60/1234 1579/60/1234
f 1447/60/1235 1443/60/1235 1442/60/1235 1446/60/1235
f 1582/60/1236 1431/60/1236 1443/60/1236 1583/60/1236
f 1407/60/1237 1447/60/1237 1446/60/1237 1430/60/1237
f 1576/60/1238 1430/60/1238 1446/60/1238 1577/60/1238
f 1583/60/1239 1443/60/1239 1447/60/1239 1584/60/1239
f 636/60/1240 709/60/1240 1585/60/1240 1412/60/1240
f 1584/60/1241 1411/60/1241 1412/60/1241 1585/60/1241
f 1296/60/1242 1449/60/1242 1450/60/1242 1297/60/1242
f 1453/60/1243 1455/60/1243 1458/60/1243 1457/60/1243
f 1455/60/1244 1454/60/1244 1456/60/1244 1458/60/1244
f 1454/60/1245 1451/60/1245 1452/60/1245 1456/60/1245
f 1449/60/1246 1453/60/1246 1457/60/1246 1450/60/1246
f 1298/60/1247 1297/60/1247 1450/60/1247 1459/60/1247
f 1457/60/1248 1460/60/1248 1459/60/1248 1450/60/1248
f 1458/60/1249 1461/60/1249 1460/60/1249 1457/60/1249
f 1456/60/1250 1462/60/1250 1461/60/1250 1458/60/1250
f 1452/60/1251 1463/60/1251 1462/60/1251 1456/60/1251
f 1464/60/1252 1449/60/1252 1296/60/1252 1295/60/1252
f 1465/60/1253 1453/60/1253 1449/60/1253 1464/60/1253
f 1466/60/1254 1455/60/1254 1453/60/1254 1465/60/1254
f 1467/60/1255 1454/60/1255 1455/60/1255 1466/60/1255
f 1468/60/1256 1451/60/1256 1454/60/1256 1467/60/1256
f 1383/60/1257 1469/60/1257 730/60/1257 1380/60/1257
f 1385/60/1258 1471/60/1258 1470/60/1258 1384/60/1258
f 1472/60/1259 1474/60/1259 1469/60/1259 1383/60/1259
f 1384/60/1260 1470/60/1260 1474/60/1260 1472/60/1260
f 1383/60/1261 1569/60/1261 1568/60/1261 1472/60/1261
f 1480/60/1262 1477/60/1262 1476/60/1262 1479/60/1262
f 1479/60/1263 1476/60/1263 1475/60/1263 1482/60/1263
f 1469/60/1264 1478/60/1264 743/60/1264 730/60/1264
f 1492/60/1265 1479/60/1265 1482/60/1265 754/60/1265
f 1474/60/1266 1481/60/1266 1478/60/1266 1469/60/1266
f 1491/60/1267 1480/60/1267 1479/60/1267 1492/60/1267
f 1361/60/1268 1475/60/1268 1476/60/1268 1358/60/1268
f 1358/60/1269 1476/60/1269 1477/60/1269 1269/60/1269
f 1353/60/1270 1269/60/1270 1477/60/1270 1483/60/1270
f 1304/60/1271 1353/60/1271 1483/60/1271 1484/60/1271
f 1485/60/1272 1292/60/1272 1304/60/1272 1484/60/1272
f 1305/60/1273 1292/60/1273 1485/60/1273 1486/60/1273
f 1291/60/1274 1305/60/1274 1486/60/1274 1487/60/1274
f 1385/60/1275 1386/60/1275 1488/60/1275 1471/60/1275
f 1487/60/1276 1471/60/1276 1488/60/1276 1291/60/1276
f 1470/60/1277 1489/60/1277 1481/60/1277 1474/60/1277
f 1471/60/1278 1487/60/1278 1489/60/1278 1470/60/1278
f 1493/60/1279 1491/60/1279 1481/60/1279 1489/60/1279
f 1477/60/1280 1480/60/1280 1490/60/1280 1483/60/1280
f 1490/60/1281 1480/60/1281 1491/60/1281 1493/60/1281
f 1481/60/1282 1491/60/1282 1492/60/1282 1478/60/1282
f 1478/60/1283 1492/60/1283 754/60/1283 743/60/1283
f 1486/60/1284 1493/60/1284 1489/60/1284 1487/60/1284
f 1485/60/1285 1490/60/1285 1493/60/1285 1486/60/1285
f 1484/60/1286 1483/60/1286 1490/60/1286 1485/60/1286
f 1636/60/1287 1359/60/1287 1499/60/1287 1635/60/1287
f 1298/60/1288 1498/60/1288 1497/60/1288 1297/60/1288
f 1359/60/1289 1304/60/1289 1498/60/1289 1499/60/1289
f 1296/60/1290 1297/60/1290 1497/60/1290 1496/60/1290
f 1305/60/1291 1291/60/1291 1495/60/1291 1496/60/1291
f 1387/60/1292 1500/60/1292 1290/60/1292 1386/60/1292
f 1289/60/1293 1290/60/1293 1500/60/1293 1501/60/1293
f 1551/60/1294 1553/60/1294 1306/60/1294 1288/60/1294
f 1638/60/1295 1639/60/1295 1503/60/1295 1269/60/1295
f 1269/60/1296 1503/60/1296 1502/60/1296 1358/60/1296
f 1502/60/1297 614/60/1297 1361/60/1297 1358/60/1297
f 1639/60/1298 1640/60/1298 1284/60/1298 1503/60/1298
f 1284/60/1299 1276/60/1299 1502/60/1299 1503/60/1299
f 1276/60/1300 518/60/1300 614/60/1300 1502/60/1300
f 518/60/1301 1276/60/1301 1507/60/1301 768/60/1301
f 1276/60/1302 1284/60/1302 1506/60/1302 1507/60/1302
f 1279/60/1303 1506/60/1303 1275/60/1303 1278/60/1303
f 1356/60/1304 1275/60/1304 1506/60/1304 1284/60/1304
f 1634/60/1305 1356/60/1305 1284/60/1305 1640/60/1305
f 632/60/1306 1375/60/1306 1514/60/1306 778/60/1306
f 1375/60/1307 1374/60/1307 1513/60/1307 1514/60/1307
f 1364/60/1308 1376/60/1308 1513/60/1308 1512/60/1308
f 1337/60/1309 1364/60/1309 1512/60/1309 1350/60/1309
f 1338/60/1310 1508/60/1310 1515/60/1310 1351/60/1310
f 1346/60/1311 1345/60/1311 1510/60/1311 1511/60/1311
f 1338/60/1312 1346/60/1312 1511/60/1312 1508/60/1312
f 1343/60/1313 1510/60/1313 1509/60/1313 1335/60/1313
f 1336/60/1314 1335/60/1314 1509/60/1314 1350/60/1314
f 1316/60/1315 1595/60/1315 1608/60/1315 1318/60/1315
f 1323/60/1316 1611/60/1316 1612/60/1316 1515/60/1316
f 1530/60/1317 1609/60/1317 1610/60/1317 1320/60/1317
f 1320/60/1318 1610/60/1318 1611/60/1318 1323/60/1318
f 1515/60/1319 1612/60/1319 1613/60/1319 1351/60/1319
f 1522/60/1320 1521/60/1320 1311/60/1320 1317/60/1320
f 1311/60/1321 1521/60/1321 1520/60/1321 1313/60/1321
f 1313/60/1322 1520/60/1322 1519/60/1322 1309/60/1322
f 1309/60/1323 1519/60/1323 1518/60/1323 1315/60/1323
f 1315/60/1324 1518/60/1324 1517/60/1324 1307/60/1324
f 1516/60/1325 1293/60/1325 1307/60/1325 1517/60/1325
f 1614/60/1326 1595/60/1326 1316/60/1326 1310/60/1326
f 1533/60/1327 1618/60/1327 1617/60/1327 1523/60/1327
f 1616/60/1328 1524/60/1328 1523/60/1328 1617/60/1328
f 1615/60/1329 1525/60/1329 1524/60/1329 1616/60/1329
f 1554/60/1330 1525/60/1330 1615/60/1330 1603/60/1330
f 1528/60/1331 1527/60/1331 1522/60/1331 1317/60/1331
f 1529/60/1332 1528/60/1332 1317/60/1332 1319/60/1332
f 1531/60/1333 1321/60/1333 1322/60/1333 1532/60/1333
f 1319/60/1334 1531/60/1334 1532/60/1334 1529/60/1334
f 1318/60/1335 1608/60/1335 1609/60/1335 1530/60/1335
f 1319/60/1336 1318/60/1336 1530/60/1336 1531/60/1336
f 1351/60/1337 1613/60/1337 1618/60/1337 1533/60/1337
f 1312/60/1338 1526/60/1338 1614/60/1338 1310/60/1338
f 1462/60/1339 1537/60/1339 1536/60/1339 1461/60/1339
f 1460/60/1340 1535/60/1340 1534/60/1340 1459/60/1340
f 1463/60/1341 1538/60/1341 1537/60/1341 1462/60/1341
f 1461/60/1342 1536/60/1342 1535/60/1342 1460/60/1342
f 1299/60/1343 1298/60/1343 1459/60/1343 1534/60/1343
f 1556/60/1344 1539/60/1344 1540/60/1344 1555/60/1344
f 1557/60/1345 1541/60/1345 1539/60/1345 1556/60/1345
f 1541/60/1346 1544/60/1346 1542/60/1346 1539/60/1346
f 1539/60/1347 1542/60/1347 1543/60/1347 1540/60/1347
f 1544/60/1348 1547/60/1348 1545/60/1348 1542/60/1348
f 1542/60/1349 1545/60/1349 1546/60/1349 1543/60/1349
f 1557/60/1350 1553/60/1350 1501/60/1350 1541/60/1350
f 1501/60/1351 1500/60/1351 1544/60/1351 1541/60/1351
f 1500/60/1352 1387/60/1352 1547/60/1352 1544/60/1352
f 1401/60/1353 1550/60/1353 1547/60/1353 1387/60/1353
f 1545/60/1354 1547/60/1354 1550/60/1354 1548/60/1354
f 1546/60/1355 1545/60/1355 1548/60/1355 1549/60/1355
f 1554/60/1356 1526/60/1356 1312/60/1356 1555/60/1356
f 1524/60/1357 1525/60/1357 1540/60/1357 1543/60/1357
f 1523/60/1358 1524/60/1358 1543/60/1358 1546/60/1358
f 1523/60/1359 1546/60/1359 1351/60/1359 1533/60/1359
f 1549/60/1360 1402/60/1360 1351/60/1360 1546/60/1360
f 1525/60/1361 1554/60/1361 1555/60/1361 1540/60/1361
f 1314/60/1362 1306/60/1362 1553/60/1362 1557/60/1362
f 1314/60/1363 1557/60/1363 1556/60/1363 1308/60/1363
f 1308/60/1364 1556/60/1364 1555/60/1364 1312/60/1364
f 1526/60/1365 1554/60/1365 1603/60/1365 1614/60/1365
f 1289/60/1366 1501/60/1366 1553/60/1366 1551/60/1366
f 1288/60/1367 1293/60/1367 1552/60/1367 1551/60/1367
f 1400/60/1370 1558/60/1370 1559/60/1370 1382/60/1370
f 1413/60/1371 1560/60/1371 1561/60/1371 1388/60/1371
f 1388/60/1372 1561/60/1372 1562/60/1372 1396/60/1372
f 1396/60/1373 1562/60/1373 1563/60/1373 1399/60/1373
f 1399/60/1374 1563/60/1374 1558/60/1374 1400/60/1374
f 1382/60/1375 1559/60/1375 1560/60/1375 1413/60/1375
f 1389/60/1380 1564/60/1380 1565/60/1380 1390/60/1380
f 1390/60/1381 1565/60/1381 1566/60/1381 1391/60/1381
f 1391/60/1382 1566/60/1382 1567/60/1382 1392/60/1382
f 1473/60/1383 1568/60/1383 1569/60/1383 1393/60/1383
f 1394/60/1384 1570/60/1384 1564/60/1384 1389/60/1384
f 1395/60/1385 1571/60/1385 1570/60/1385 1394/60/1385
f 1572/60/1386 1378/60/1386 1571/60/1386 1395/60/1386
f 1393/60/1387 1569/60/1387 1381/60/1387 1573/60/1387
f 1392/60/1388 1567/60/1388 1568/60/1388 1473/60/1388
f 1398/60/1391 1575/60/1391 1574/60/1391 1397/60/1391
f 1397/60/1392 1574/60/1392 1576/60/1392 1405/60/1392
f 1405/60/1393 1576/60/1393 1577/60/1393 1445/60/1393
f 1406/60/1394 1578/60/1394 1575/60/1394 1398/60/1394
f 1441/60/1395 1579/60/1395 1578/60/1395 1406/60/1395
f 1445/60/1396 1577/60/1396 1579/60/1396 1441/60/1396
f 1410/60/1397 1582/60/1397 1583/60/1397 1444/60/1397
f 1581/60/1400 1580/60/1400 1410/60/1400
f 1410/60/1401 1580/60/1401 1582/60/1401
f 1583/60/1402 1584/60/1402 1444/60/1402
f 1444/60/1403 1584/60/1403 1585/60/1403 1448/60/1403
f 1448/60/1404 1585/60/1404 709/60/1404 848/60/1404
f 1588/60/1405 854/60/1405 637/60/1405 1425/60/1405
f 1591/60/688 1588/60/688 1425/60/688 1424/60/688
f 1594/60/1406 1591/60/1406 1424/60/1406 1423/60/1406
f 1415/60/1407 1416/60/1407 1589/60/1407 1592/60/1407
f 1592/60/1408 1589/60/1408 1590/60/1408 1593/60/1408
f 1593/60/1409 1590/60/1409 1591/60/1409 1594/60/1409
f 1416/60/1410 1417/60/1410 1586/60/1410 1589/60/1410
f 1589/60/1405 1586/60/1405 1587/60/1405 1590/60/1405
f 1590/60/688 1587/60/688 1588/60/688 1591/60/688
f 1417/60/1411 1379/60/1411 852/60/1411 1586/60/1411
f 1586/60/1405 852/60/1405 853/60/1405 1587/60/1405
f 1587/60/1405 853/60/1405 854/60/1405 1588/60/1405
f 1415/60/1412 1592/60/1412 1418/60/1412 1414/60/1412
f 1419/60/1413 1418/60/1413 1592/60/1413 1593/60/1413
f 1420/60/1414 1419/60/1414 1593/60/1414 1594/60/1414
f 1426/60/1415 1427/60/1415 1434/60/1415 1433/60/1415
f 1427/60/494 1428/60/494 1435/60/494 1434/60/494
f 1428/60/494 1429/60/494 1436/60/494 1435/60/494
f 1429/60/494 638/60/494 639/60/494 1436/60/494
f 1597/60/1416 1623/60/1416 1621/60/1416 1598/60/1416
f 1606/60/1417 1622/60/1417 1624/60/1417 1605/60/1417
f 1595/60/1418 1627/60/1418 1626/60/1418 1596/60/1418
f 1605/60/1419 1624/60/1419 1625/60/1419 1604/60/1419
f 1604/60/1420 1625/60/1420 1628/60/1420 1603/60/1420
f 1602/60/1421 1631/60/1421 1627/60/1421 1595/60/1421
f 1596/60/1422 1608/60/1422 1595/60/1422
f 1598/60/1423 1610/60/1423 1609/60/1423 1597/60/1423
f 1599/60/1424 1611/60/1424 1610/60/1424 1598/60/1424
f 1601/60/1425 1613/60/1425 1612/60/1425 1600/60/1425
f 1600/60/1426 1612/60/1426 1611/60/1426 1599/60/1426
f 1595/60/1427 1614/60/1427 1602/60/1427
f 1603/60/1428 1615/60/1428 1604/60/1428
f 1604/60/1429 1615/60/1429 1616/60/1429 1605/60/1429
f 1605/60/1430 1616/60/1430 1617/60/1430 1606/60/1430
f 1606/60/1431 1617/60/1431 1618/60/1431 1607/60/1431
f 1597/60/1432 1609/60/1432 1608/60/1432 1596/60/1432
f 1607/60/1433 1618/60/1433 1613/60/1433 1601/60/1433
f 1602/60/1434 1614/60/1434 1603/60/1434
f 1630/60/1435 1629/60/1435 1619/60/1435 1620/60/1435
f 1621/60/1436 1622/60/1436 1620/60/1436 1619/60/1436
f 1621/60/1437 1623/60/1437 1624/60/1437 1622/60/1437
f 1624/60/1438 1623/60/1438 1626/60/1438 1625/60/1438
f 1626/60/1439 1627/60/1439 1628/60/1439 1625/60/1439
f 1631/60/1440 1628/60/1440 1627/60/1440
f 1607/60/1441 1620/60/1441 1622/60/1441 1606/60/1441
f 1598/60/1442 1621/60/1442 1619/60/1442 1599/60/1442
f 1596/60/1443 1626/60/1443 1623/60/1443 1597/60/1443
f 1600/60/1444 1629/60/1444 1630/60/1444 1601/60/1444
f 1601/60/1445 1630/60/1445 1620/60/1445 1607/60/1445
f 1599/60/1446 1619/60/1446 1629/60/1446 1600/60/1446
f 1603/60/1447 1628/60/1447 1631/60/1447 1602/60/1447
f 1420/60/1448 1594/60/1448 1421/60/1448
f 1422/60/1449 1421/60/1449 1594/60/1449 1423/60/1449
f 1505/60/1450 1504/60/1450 1357/60/1450 1303/60/1450 1494/60/1450 1302/60/1450 1272/60/1450 1271/60/1450 1270/60/1450
f 1272/60/1451 1633/60/1451 1632/60/1451 1271/60/1451
f 1271/60/1452 1632/60/1452 1634/60/1452 1270/60/1452
f 1303/60/1453 1636/60/1453 1635/60/1453 1494/60/1453
f 1302/60/1454 1637/60/1454 1633/60/1454 1272/60/1454
f 1357/60/1455 1638/60/1455 1636/60/1455 1303/60/1455
f 1494/60/1456 1635/60/1456 1637/60/1456 1302/60/1456
f 1504/60/1457 1639/60/1457 1638/60/1457 1357/60/1457
f 1270/60/1458 1634/60/1458 1640/60/1458 1505/60/1458
f 1505/60/1459 1640/60/1459 1639/60/1459 1504/60/1459
f 519/60/1460 1280/60/1460 1283/60/1460 1267/60/1460
f 1280/60/1461 1279/60/1461 1282/60/1461 1283/60/1461
f 1279/60/1462 1278/60/1462 1281/60/1462 1282/60/1462
f 123/60/746 126/60/746 1267/60/746 1266/60/746
f 924/60/1463 925/60/1463 1286/60/1463 1285/60/1463
f 925/60/1464 926/60/1464 1287/60/1464 1286/60/1464
f 1184/60/1465 933/60/1465 1294/60/1465 1552/60/1465
f 933/60/1466 934/60/1466 1295/60/1466 1294/60/1466
f 938/60/1467 939/60/1467 1300/60/1467 1299/60/1467
f 939/60/1468 940/60/1468 1301/60/1468 1300/60/1468
f 963/60/1469 961/60/1469 1322/60/1469 1324/60/1469
f 964/60/1470 963/60/1470 1324/60/1470 1325/60/1470
f 965/60/1471 964/60/1471 1325/60/1471 1326/60/1471
f 966/60/1472 965/60/1472 1326/60/1472 1327/60/1472
f 967/60/1473 966/60/1473 1327/60/1473 1328/60/1473
f 968/60/1474 967/60/1474 1328/60/1474 1329/60/1474
f 969/60/1475 968/60/1475 1329/60/1475 1330/60/1475
f 970/60/1476 969/60/1476 1330/60/1476 1331/60/1476
f 971/60/1477 970/60/1477 1331/60/1477 1332/60/1477
f 972/60/1478 971/60/1478 1332/60/1478 1333/60/1478
f 988/60/1479 972/60/1479 1333/60/1479 1349/60/1479
f 926/60/1480 123/60/1480 1266/60/1480 1287/60/1480
f 940/60/1481 924/60/1481 1285/60/1481 1301/60/1481
f 222/60/746 220/60/746 1361/60/746 614/60/746
f 1005/60/1482 988/60/1482 1349/60/1482 1367/60/1482
f 1007/60/1483 1005/60/1483 1367/60/1483 1369/60/1483
f 231/60/1484 1007/60/1484 1369/60/1484 623/60/1484
f 250/60/746 251/60/746 1381/60/746 1380/60/746
f 244/60/746 246/60/746 1379/60/746 1378/60/746
f 1085/60/1485 1086/60/1485 1452/60/1485 1451/60/1485
f 1086/60/1486 1097/60/1486 1463/60/1486 1452/60/1486
f 934/60/1487 1098/60/1487 1464/60/1487 1295/60/1487
f 1098/60/1488 1099/60/1488 1465/60/1488 1464/60/1488
f 1099/60/1489 1100/60/1489 1466/60/1489 1465/60/1489
f 1100/60/1490 1101/60/1490 1467/60/1490 1466/60/1490
f 1102/60/1491 1085/60/1491 1451/60/1491 1468/60/1491
f 1101/60/1492 1102/60/1492 1468/60/1492 1467/60/1492
f 342/60/746 250/60/746 1380/60/746 730/60/746
f 349/60/746 357/60/746 1482/60/746 1475/60/746
f 357/60/746 368/60/746 754/60/746 1482/60/746
f 220/60/746 349/60/746 1475/60/746 1361/60/746
f 1148/60/1493 932/60/1493 1293/60/1493 1516/60/1493
f 1149/60/1494 1148/60/1494 1516/60/1494 1517/60/1494
f 1150/60/1495 1149/60/1495 1517/60/1495 1518/60/1495
f 1151/60/1496 1150/60/1496 1518/60/1496 1519/60/1496
f 1152/60/1497 1151/60/1497 1519/60/1497 1520/60/1497
f 1153/60/1498 1152/60/1498 1520/60/1498 1521/60/1498
f 1154/60/1499 1153/60/1499 1521/60/1499 1522/60/1499
f 1159/60/1500 1154/60/1500 1522/60/1500 1527/60/1500
f 1160/60/1501 1159/60/1501 1527/60/1501 1528/60/1501
f 1161/60/1502 1160/60/1502 1528/60/1502 1529/60/1502
f 1164/60/1503 1161/60/1503 1529/60/1503 1532/60/1503
f 961/60/1504 1164/60/1504 1532/60/1504 1322/60/1504
f 1167/60/1505 1166/60/1505 1534/60/1505 1535/60/1505
f 1168/60/790 1167/60/790 1535/60/790 1536/60/790
f 1169/60/1506 1168/60/1506 1536/60/1506 1537/60/1506
f 1170/60/1507 1169/60/1507 1537/60/1507 1538/60/1507
f 1097/60/1508 1170/60/1508 1538/60/1508 1463/60/1508
f 1166/60/1509 938/60/1509 1299/60/1509 1534/60/1509
f 932/60/1510 1184/60/1510 1552/60/1510 1293/60/1510
f 450/60/746 244/60/746 1378/60/746 1572/60/746
f 251/60/746 451/60/746 1573/60/746 1381/60/746
f 246/60/746 468/60/746 852/60/746 1379/60/746
usemtl Window
f 271/60/314 253/60/314 267/60/314 270/60/314
f 259/60/315 267/60/315 253/60/315 284/60/315
f 450/60/322 266/60/322 264/60/322 451/60/322
f 347/60/323 264/60/323 266/60/323 265/60/323
f 265/60/324 260/60/324 263/60/324 347/60/324
f 260/60/325 261/60/325 262/60/325 263/60/325
f 268/60/335 276/60/335 317/60/335 269/60/335
f 269/60/336 317/60/336 313/60/336 277/60/336
f 459/60/344 281/60/344 316/60/344 320/60/344
f 252/60/345 459/60/345 320/60/345 464/60/345
f 659/60/650 658/60/650 655/60/650 641/60/650
f 647/60/651 672/60/651 641/60/651 655/60/651
f 1572/60/658 1573/60/658 652/60/658 654/60/658
f 735/60/659 653/60/659 654/60/659 652/60/659
f 653/60/660 735/60/660 651/60/660 648/60/660
f 648/60/661 651/60/661 650/60/661 649/60/661
f 656/60/671 657/60/671 705/60/671 664/60/671
f 657/60/672 665/60/672 701/60/672 705/60/672
f 843/60/680 708/60/680 704/60/680 669/60/680
f 640/60/681 848/60/681 708/60/681 843/60/681
f 464/60/746 252/60/746 640/60/746 848/60/746
f 1034/60/1034 1033/60/1034 1030/60/1034 1016/60/1034
f 1022/60/1035 1047/60/1035 1016/60/1035 1030/60/1035
f 450/60/1042 451/60/1042 1027/60/1042 1029/60/1042
f 1107/60/1043 1028/60/1043 1029/60/1043 1027/60/1043
f 1028/60/1044 1107/60/1044 1026/60/1044 1023/60/1044
f 1023/60/1045 1026/60/1045 1025/60/1045 1024/60/1045
f 1031/60/1055 1032/60/1055 1079/60/1055 1039/60/1055
f 1032/60/1056 1040/60/1056 1075/60/1056 1079/60/1056
f 1211/60/1064 1082/60/1064 1078/60/1064 1044/60/1064
f 252/60/1065 464/60/1065 1082/60/1065 1211/60/1065
f 1400/60/1368 1382/60/1368 1396/60/1368 1399/60/1368
f 1388/60/1369 1396/60/1369 1382/60/1369 1413/60/1369
f 1572/60/1376 1395/60/1376 1393/60/1376 1573/60/1376
f 1473/60/1377 1393/60/1377 1395/60/1377 1394/60/1377
f 1394/60/1378 1389/60/1378 1392/60/1378 1473/60/1378
f 1389/60/1379 1390/60/1379 1391/60/1379 1392/60/1379
f 1397/60/1389 1405/60/1389 1445/60/1389 1398/60/1389
f 1398/60/1390 1445/60/1390 1441/60/1390 1406/60/1390
f 1581/60/1398 1410/60/1398 1444/60/1398 1448/60/1398
f 640/60/1399 1581/60/1399 1448/60/1399 848/60/1399
f 451/60/746 450/60/746 1572/60/746 1573/60/746
